Name,Location,Year,Kilometers_Driven,Fuel_Type,Transmission,Owner_Type,Mileage,Engine,Power,Seats,New_Price,Price
Honda Jazz V,Chennai,2011,46000,Petrol,Manual,First,13.0,1199.0,88.7,5,861000,450000
Toyota Innova Crysta 2.8 GX AT 8S,Mumbai,2016,36000,Diesel,Automatic,First,11.36,2755.0,171.5,8,2100000,1750000
Maruti Ciaz Zeta,Kochi,2018,25692,Petrol,Manual,First,21.56,1462.0,103.25,5,1065000,994999
Mitsubishi Pajero Sport 4X4,Delhi,2014,110000,Diesel,Manual,First,13.5,2477.0,175.56,7,3201000,1500000
BMW 3 Series 320d,Kochi,2014,32982,Diesel,Automatic,First,22.69,1995.0,190.0,5,4787000,1855000
Honda WRV i-VTEC VX,Kochi,2018,37430,Petrol,Manual,First,17.5,1199.0,88.7,5,1057000,990000
Volkswagen Vento 1.6 Highline,Coimbatore,2014,55431,Petrol,Manual,Second,16.09,1598.0,103.5,5,1233000,698000
Maruti Vitara Brezza ZDi Plus,Kochi,2018,50075,Diesel,Manual,First,24.3,1248.0,88.5,5,1112000,863000
Hyundai Elantra 2.0 SX Option AT,Bangalore,2014,46374,Petrol,Automatic,First,14.62,1999.0,149.92,5,2364000,885000
Toyota Innova Crysta 2.7 GX MT,Bangalore,2012,70704,Petrol,Manual,First,11.25,2694.0,163.7,7,1864000,1095000
Toyota Innova Crysta 2.4 GX MT 8S,Mumbai,2017,22000,Diesel,Manual,First,13.68,2393.0,147.8,8,1934000,1650000
Mercedes-Benz C-Class Progressive C 220d,Coimbatore,2019,15369,Diesel,Automatic,First,0.0,1950.0,194.0,5,4914000,3567000
Hyundai Creta 1.4 E Plus Diesel,Mumbai,2018,13000,Diesel,Manual,First,22.1,1396.0,88.7,5,1181000,1050000
Nissan Terrano XV D Pre,Kochi,2015,56066,Diesel,Manual,First,19.64,1461.0,108.5,5,1664999,692000
Tata Zest Revotron 1.2T XE,Pune,2017,70000,Petrol,Manual,First,17.57,1193.0,88.7,5,667000,450000
Datsun GO Plus T Petrol,Pune,2017,32851,Petrol,Manual,First,19.83,1198.0,67.0,7,645000,395000
Toyota Etios Liva 1.2 G,Ahmedabad,2014,53000,Petrol,Manual,First,17.71,1197.0,78.9,5,641000,390000
Toyota Innova Crysta 2.8 ZX AT,Mumbai,2017,30000,Diesel,Automatic,First,11.36,2755.0,171.5,7,2700000,1925000
Maruti Eeco 5 Seater AC,Coimbatore,2017,38053,Petrol,Manual,First,15.1,1196.0,73.0,5,513000,391000
BMW 3 Series 320d Luxury Line,Mumbai,2015,56087,Diesel,Automatic,First,22.69,1995.0,190.0,5,5443000,2075000
Nissan Micra XV CVT,Coimbatore,2016,39882,Petrol,Automatic,First,19.15,1198.0,75.94,5,951000,655000
Maruti Vitara Brezza VDi,Mumbai,2016,55000,Diesel,Manual,First,24.3,1248.0,88.5,5,996000,750000
Hyundai Verna CRDi 1.6 SX Option,Kolkata,2018,10250,Diesel,Manual,First,22.0,1582.0,126.2,5,1444000,1095000
Maruti Alto K10 VXI,Hyderabad,2014,88500,Petrol,Manual,First,24.07,998.0,67.1,5,453000,260000
Mercedes-Benz SLC 43 AMG,Kolkata,2017,13372,Petrol,Automatic,First,19.0,2996.0,362.07,2,9504000,5400000
Hyundai Verna VTVT 1.6 AT SX Plus,Kochi,2019,12645,Petrol,Automatic,First,17.0,1591.0,121.3,5,1349000,1150000
BMW 3 Series Luxury Line,Mumbai,2014,48000,Diesel,Automatic,First,21.76,1995.0,190.0,5,6088000,2650000
Hyundai Grand i10 1.2 Kappa Asta,Kolkata,2019,1000,Petrol,Manual,First,18.9,1197.0,81.86,5,739000,650000
BMW 5 Series 520d Luxury Line,Hyderabad,2014,51000,Diesel,Automatic,First,22.48,1995.0,190.0,5,6947000,3350000
Maruti Baleno Alpha,Kochi,2017,24773,Petrol,Manual,First,21.4,1197.0,83.1,5,877999,750000
Maruti Ertiga ZDI,Mumbai,2016,33000,Diesel,Manual,First,25.47,1248.0,88.5,7,1274000,850000
Mahindra NuvoSport N6,Chennai,2017,29000,Diesel,Manual,Second,17.45,1493.0,100.0,7,1052000,650000
Maruti Vitara Brezza ZDi Plus Dual Tone,Mumbai,2016,20000,Diesel,Manual,First,24.3,1248.0,88.5,5,1198000,900000
Honda Amaze S Diesel,Kolkata,2013,45000,Diesel,Manual,First,27.4,1498.0,98.6,5,853999,325000
Skoda Superb Style 1.8 TSI AT,Hyderabad,2017,26000,Petrol,Automatic,First,14.67,1798.0,177.46,5,3358000,2600000
Mahindra Verito 1.5 D4 BSIV,Hyderabad,2013,107000,Diesel,Manual,First,21.03,1461.0,65.0,5,911999,370000
Maruti Wagon R VXI,Kolkata,2013,32000,Petrol,Manual,First,22.5,998.0,67.04,5,529000,265000
Mini Cooper Convertible S,Kochi,2017,26327,Petrol,Automatic,First,16.82,1998.0,189.08,4,4428000,3567000
Toyota Innova Crysta 2.8 GX AT,Kochi,2019,14165,Diesel,Automatic,First,11.36,2755.0,171.5,7,2073999,1964000
Honda City i-VTEC V,Kolkata,2011,32572,Petrol,Manual,First,17.4,1497.0,117.3,5,1174000,387000
Toyota Innova Crysta 2.4 ZX MT,Pune,2017,43000,Diesel,Manual,First,13.68,2393.0,147.8,7,2552000,1864999
Hyundai Verna CRDi 1.6 SX,Hyderabad,2008,143275,Diesel,Manual,First,22.0,1582.0,126.2,5,1407000,260000
Mercedes-Benz GLE 350d,Coimbatore,2017,29819,Diesel,Automatic,First,11.57,2987.0,254.79,5,9513000,6129000
Tata Zest Quadrajet 1.3 75PS XE,Pune,2017,121900,Diesel,Manual,First,22.95,1248.0,74.0,5,834000,375000
Tata Zest Quadrajet 1.3 75PS XE,Pune,2018,45000,Diesel,Manual,First,22.95,1248.0,74.0,5,834000,525000
Honda Jazz VX,Delhi,2015,62178,Petrol,Manual,First,18.2,1199.0,88.7,5,885000,484999
Toyota Innova Crysta 2.4 ZX MT,Chennai,2016,48000,Diesel,Manual,First,13.68,2393.0,147.8,7,2540000,2025000
Honda City i-VTEC CVT ZX,Mumbai,2017,15000,Petrol,Automatic,First,18.0,1497.0,117.3,5,1667000,1269000
Mercedes-Benz GLE 250d,Hyderabad,2017,29000,Diesel,Automatic,First,17.9,2143.0,201.15,5,7943000,5700000
Honda Brio 1.2 VX MT,Kochi,2012,91931,Petrol,Manual,First,18.5,1198.0,86.8,5,662000,313000
Maruti Vitara Brezza LDi,Chennai,2016,45000,Diesel,Manual,First,24.3,1248.0,88.5,5,911999,715000
BMW 3 Series Luxury Line,Kochi,2015,30717,Diesel,Automatic,Second,21.76,1995.0,190.0,5,5867000,2599000
Maruti Alto K10 VXI,Pune,2017,30000,Petrol,Manual,First,24.07,998.0,67.1,5,448000,375000
Jaguar XF 2.0 Diesel Portfolio,Hyderabad,2017,21000,Diesel,Automatic,First,19.33,1999.0,177.0,5,7264000,5200000
Skoda Superb L&K 1.8 TSI AT,Kochi,2019,13747,Petrol,Automatic,First,14.67,1798.0,177.46,5,3615000,2730000
Mini Clubman Cooper S,Pune,2017,8350,Petrol,Manual,First,13.8,1998.0,192.0,5,4459000,3500000
Maruti Vitara Brezza ZDi Plus,Hyderabad,2017,39000,Diesel,Manual,First,24.3,1248.0,88.5,5,1200000,949000
Honda BRV i-VTEC V CVT,Kochi,2017,35676,Petrol,Automatic,First,16.0,1497.0,117.3,7,1465000,948000
Jaguar XE Portfolio,Mumbai,2017,9000,Petrol,Automatic,First,13.5,1999.0,246.74,5,5372000,3450000
Mitsubishi Pajero Sport 4X2 AT DualTone BlackTop,Hyderabad,2018,12000,Diesel,Automatic,First,13.5,2477.0,175.56,7,3390999,2800000
BMW 3 Series Luxury Line,Mumbai,2015,41000,Diesel,Automatic,First,21.76,1995.0,190.0,5,6088000,2550000
Honda BR-V i-VTEC S MT,Pune,2017,9000,Petrol,Manual,First,15.4,1497.0,117.3,7,1251000,850000
Hyundai i20 Active SX Petrol,Jaipur,2017,40250,Petrol,Manual,First,17.19,1197.0,81.86,5,974000,690000
Mercedes-Benz GLC 43 AMG Coupe,Coimbatore,2018,22397,Petrol,Automatic,First,11.5,2996.0,367.0,5,9538000,7098999
Audi A6 35 TFSI Matrix,Mumbai,2016,47000,Petrol,Automatic,First,15.26,1798.0,187.74,5,6059000,2450000
Mini Cooper Convertible S,Mumbai,2014,11900,Petrol,Automatic,First,16.82,1998.0,189.08,4,4428000,2850000
Mahindra Bolero ZLX,Coimbatore,2016,82756,Diesel,Manual,First,15.96,2523.0,62.1,7,1128000,770000
Volkswagen Vento 1.6 Comfortline,Mumbai,2017,15000,Petrol,Manual,Second,16.09,1598.0,103.5,5,1148000,710000
Maruti S-Cross Delta DDiS 200 SH,Delhi,2018,12923,Diesel,Manual,First,25.1,1248.0,88.5,5,1126000,892000
Audi Q3 35 TDI Quattro Premium Plus,Coimbatore,2016,86642,Diesel,Automatic,First,15.17,1968.0,181.0,5,4365000,2037000
BMW 3 Series Luxury Line,Bangalore,2016,19235,Diesel,Automatic,First,21.76,1995.0,190.0,5,6207000,3650000
Mercedes-Benz E-Class E 220 d,Kochi,2018,26405,Petrol,Automatic,First,12.6,1950.0,191.34,5,8697000,5143000
Maruti Wagon R LXI,Ahmedabad,2012,30000,Petrol,Manual,First,22.5,998.0,67.04,5,474000,330000
Hyundai Creta 1.6 SX,Chennai,2016,69434,Petrol,Manual,First,15.8,1591.0,121.3,5,1484000,800000
Mercedes-Benz New C-Class Progressive C 200,Kochi,2019,13190,Petrol,Automatic,First,0.0,1950.0,181.43,5,4949000,3899000
BMW X1 sDrive 20d xLine,Coimbatore,2017,31645,Diesel,Automatic,First,20.68,1995.0,190.0,5,4818000,2940000
Maruti Ertiga ZDI,Pune,2013,105000,Diesel,Manual,Second,25.47,1248.0,88.5,7,1234000,675000
Skoda Rapid 1.5 TDI Style,Hyderabad,2017,31000,Diesel,Manual,First,21.13,1498.0,108.4,5,1538000,1050000
Toyota Innova Crysta 2.8 GX AT,Ahmedabad,2016,100200,Diesel,Automatic,First,11.36,2755.0,171.5,7,1921000,1700000
Jeep Compass 2.0 Limited,Jaipur,2018,29000,Diesel,Manual,First,17.1,1956.0,170.0,5,2295000,1900000
Mahindra Bolero ZLX,Jaipur,2012,105000,Diesel,Manual,Second,15.96,2523.0,62.1,7,1115000,600000
Volkswagen Polo 1.5 TDI Highline,Coimbatore,2018,33558,Diesel,Manual,First,20.14,1498.0,88.0,5,1032000,811999
Toyota Innova Crysta 2.8 ZX AT,Coimbatore,2019,40674,Diesel,Automatic,First,11.36,2755.0,171.5,7,2805000,2482000
Mercedes-Benz GLC 220d 4MATIC Style,Mumbai,2018,10003,Diesel,Automatic,First,17.9,2143.0,170.0,5,5977000,4850000
Volkswagen Vento 1.5 TDI Highline AT,Mumbai,2016,25000,Diesel,Automatic,First,21.5,1498.0,108.5,5,1586000,944999
Toyota Innova Crysta 2.4 GX MT 8S,Hyderabad,2017,52000,Diesel,Manual,First,13.68,2393.0,147.8,8,1943000,1750000
Maruti Vitara Brezza ZDi,Pune,2016,21558,Diesel,Manual,First,24.3,1248.0,88.5,5,1065000,890000
Mini Cooper 5 DOOR D,Mumbai,2016,11000,Diesel,Automatic,First,20.7,1496.0,113.98,5,4212000,2950000
Tata Safari Storme VX Varicor 400,Jaipur,2017,37000,Diesel,Manual,First,14.1,2179.0,154.0,7,1695000,1125000
Honda BR-V i-DTEC VX MT,Kochi,2017,32249,Diesel,Manual,First,21.9,1498.0,98.6,7,1545000,1079000
Maruti Ignis 1.2 Alpha,Mumbai,2017,7000,Petrol,Manual,First,20.89,1197.0,81.8,5,787000,570000
Maruti Alto K10 VXI,Bangalore,2011,64357,Petrol,Manual,First,24.07,998.0,67.1,5,470000,275000
Honda BRV i-VTEC V CVT,Mumbai,2017,18000,Petrol,Automatic,First,16.0,1497.0,117.3,7,1502000,925000
Maruti Vitara Brezza ZDi Plus Dual Tone,Coimbatore,2017,18108,Diesel,Manual,First,24.3,1248.0,88.5,5,1256000,1131000
Nissan Sunny XV CVT,Kochi,2013,37199,Petrol,Automatic,First,17.5,1498.0,99.6,5,1133000,543000
Toyota Innova Crysta 2.4 ZX MT,Bangalore,2017,64798,Diesel,Manual,First,13.68,2393.0,147.8,7,2645000,1875000
Maruti Dzire AMT ZXI Plus,Hyderabad,2017,13000,Petrol,Automatic,First,22.0,1197.0,81.8,5,1034000,850000
Hyundai Grand i10 1.2 CRDi Magna,Kolkata,2017,14000,Diesel,Manual,First,24.0,1186.0,73.97,5,746000,490000
Honda City i-VTEC V,Delhi,2014,55818,Petrol,Manual,Second,17.4,1497.0,117.3,5,1185000,570000
Maruti Ertiga VDI,Ahmedabad,2017,63939,Diesel,Manual,First,25.47,1248.0,88.5,7,1041000,775000
Maruti Celerio VXI AMT,Delhi,2014,35214,Petrol,Automatic,Second,23.1,998.0,67.04,5,557000,320000
Mini Cooper 5 DOOR D,Hyderabad,2014,60000,Diesel,Automatic,Second,20.7,1496.0,113.98,5,4248000,2350000
Honda City i-VTEC CVT VX,Bangalore,2015,18955,Petrol,Automatic,First,18.0,1497.0,117.3,5,1604000,1065000
Honda Jazz VX,Kochi,2018,20024,Petrol,Manual,First,18.2,1199.0,88.7,5,910000,846000
Ford Figo Titanium Diesel,Kolkata,2015,72035,Diesel,Manual,First,25.5,1498.0,99.0,5,765000,250000
Hyundai Creta 1.6 SX,Ahmedabad,2016,21000,Petrol,Manual,First,15.8,1591.0,121.3,5,1374000,1090000
Maruti Wagon R VXI,Coimbatore,2015,72599,Petrol,Manual,First,22.5,998.0,67.04,5,572000,432000
Mahindra XUV500 W9 AT,Coimbatore,2019,19654,Diesel,Automatic,First,14.0,2179.0,155.0,7,2133000,1763000
Mercedes-Benz GLE 250d,Mumbai,2016,21000,Diesel,Automatic,First,17.9,2143.0,201.15,5,7876000,5600000
Honda Amaze VX Diesel,Hyderabad,2018,12000,Diesel,Manual,First,27.4,1498.0,98.6,5,1034000,850000
Maruti Alto K10 LXI,Pune,2014,49000,Petrol,Manual,First,24.07,998.0,67.1,5,429000,229999
Volkswagen Ameo 1.5 TDI Highline,Mumbai,2017,51000,Diesel,Manual,First,21.66,1498.0,108.62,5,1003999,645000
Mahindra Xylo H4,Chennai,2016,215000,Diesel,Manual,First,14.02,2179.0,118.3,7,1167000,750000
Toyota Innova Crysta 2.4 ZX MT,Pune,2017,43200,Diesel,Manual,First,13.68,2393.0,147.8,7,2552000,1860000
Hyundai Xcent 1.2 CRDi S,Jaipur,2018,25302,Diesel,Manual,First,25.4,1186.0,73.97,5,856000,590000
Toyota Innova Crysta 2.8 ZX AT,Kochi,2018,41736,Diesel,Automatic,First,11.36,2755.0,171.5,7,2700000,1992000
Renault KWID 1.0 RXT Optional,Jaipur,2017,63262,Petrol,Manual,First,21.7,999.0,67.0,5,478000,325000
Maruti Celerio VXI Optional AMT,Pune,2017,7500,Petrol,Automatic,First,23.1,998.0,67.04,5,614000,500000
Maruti Dzire VXI,Kolkata,2011,46687,Petrol,Manual,First,22.0,1197.0,81.8,5,730000,270000
Datsun redi-GO T Option,Bangalore,2016,20487,Petrol,Manual,First,22.7,799.0,53.64,5,437000,266000
Maruti Eeco 7 Seater Standard,Coimbatore,2012,56661,Petrol,Manual,First,15.1,1196.0,73.0,7,498000,361000
Honda City i-VTEC CVT VX,Mumbai,2015,30000,Petrol,Automatic,First,18.0,1497.0,117.3,5,1529000,865000
Jeep Compass 2.0 Limited 4X4,Mumbai,2017,52000,Diesel,Manual,First,16.3,1956.0,170.0,5,2426000,2000000
Land Rover Range Rover Evoque 2.0 TD4 HSE Dynamic,Kochi,2018,31427,Diesel,Automatic,First,15.68,1999.0,177.0,5,7512000,5972000
Maruti Baleno Alpha Diesel,Kolkata,2016,29000,Diesel,Manual,First,27.39,1248.0,74.0,5,952999,650000
Mitsubishi Pajero Sport 4X4,Bangalore,2013,132000,Diesel,Manual,First,13.5,2477.0,175.56,7,3460000,1249000
Toyota Innova Crysta 2.4 ZX MT,Coimbatore,2018,92056,Diesel,Manual,First,13.68,2393.0,147.8,7,2645000,1839000
Honda Jazz VX Diesel,Mumbai,2016,38000,Diesel,Manual,First,27.3,1498.0,98.6,5,1115000,621000
Mercedes-Benz C-Class Progressive C 220d,Mumbai,2018,8682,Diesel,Automatic,First,0.0,1950.0,194.0,5,5226000,3950000
BMW 5 Series 520d Luxury Line,Mumbai,2012,61240,Diesel,Automatic,First,22.48,1995.0,190.0,5,7043000,1750000
Renault KWID RXT Optional,Hyderabad,2018,1900,Petrol,Manual,First,25.17,799.0,53.3,5,480000,445000
Ford Ecosport Signature Edition Diesel,Coimbatore,2019,23154,Diesel,Manual,First,23.0,1498.0,98.96,5,1212000,1165000
Toyota Innova Crysta 2.4 GX MT,Chennai,2017,67489,Diesel,Manual,First,13.68,2393.0,147.8,7,1937000,1650000
Volkswagen Vento 1.5 TDI Comfortline,Coimbatore,2014,56658,Diesel,Manual,First,20.64,1498.0,108.5,5,1214000,539000
Toyota Fortuner 2.8 4WD MT,Kochi,2013,105072,Diesel,Manual,First,14.24,2755.0,174.5,7,3669000,1328000
Jeep Compass 1.4 Limited Option,Mumbai,2017,4000,Petrol,Automatic,First,16.0,1368.0,160.0,5,2368000,1775000
Audi A4 35 TDI Technology,Hyderabad,2015,45000,Diesel,Automatic,First,18.25,1968.0,187.74,5,5561000,2500000
Ford EcoSport 1.5 Petrol Titanium Plus AT,Coimbatore,2018,18385,Petrol,Automatic,First,14.8,1497.0,121.36,5,1410000,1241000
Maruti S-Cross Zeta DDiS 200 SH,Coimbatore,2016,74611,Diesel,Manual,First,25.1,1248.0,88.5,5,1326000,794000
Toyota Innova Crysta 2.8 ZX AT,Bangalore,2016,108000,Diesel,Automatic,First,11.36,2755.0,171.5,7,2805000,2050000
Maruti Ertiga VDI,Pune,2016,130000,Diesel,Manual,First,25.47,1248.0,88.5,7,1127000,700000
Maruti Vitara Brezza ZDi Plus,Kochi,2019,34688,Diesel,Manual,First,24.3,1248.0,88.5,5,1120000,1049000
Tata Zest Revotron 1.2 XT,Mumbai,2014,40000,Petrol,Manual,First,17.57,1193.0,88.7,5,856000,395000
Maruti Vitara Brezza VDi,Kolkata,2017,35000,Diesel,Manual,First,24.3,1248.0,88.5,5,946000,650000
Mahindra XUV300 W8 Diesel,Chennai,2012,97000,Diesel,Manual,First,20.0,1497.0,115.0,5,1279000,725000
Hyundai Verna CRDi 1.6 SX Option,Kochi,2014,89614,Diesel,Manual,First,22.0,1582.0,126.2,5,1557000,601000
Tata Hexa XT,Delhi,2017,55000,Diesel,Manual,First,17.6,2179.0,153.86,7,1986000,1200000
Tata Tiago 1.2 Revotron XZ,Coimbatore,2018,9565,Petrol,Manual,First,23.84,1199.0,84.0,5,659000,588000
Mercedes-Benz E-Class E 220 d,Kochi,2018,20446,Petrol,Automatic,First,12.6,1950.0,191.34,5,8697000,5135000
Mini Cooper 5 DOOR D,Ahmedabad,2014,34000,Diesel,Automatic,First,20.7,1496.0,113.98,5,4212000,2200000
Hyundai Grand i10 1.2 Kappa Magna,Delhi,2017,8471,Petrol,Manual,First,18.9,1197.0,81.86,5,654000,500000
Toyota Innova Crysta 2.8 ZX AT,Hyderabad,2016,69000,Diesel,Automatic,First,11.36,2755.0,171.5,7,2656000,1975000
Renault Duster 110PS Diesel RxZ AMT,Coimbatore,2017,30090,Diesel,Automatic,First,19.6,1461.0,108.45,5,1505000,1144000
Mahindra Bolero ZLX,Mumbai,2016,40448,Diesel,Manual,First,15.96,2523.0,62.1,7,1101000,350000
Maruti Vitara Brezza ZDi,Coimbatore,2018,64456,Diesel,Manual,First,24.3,1248.0,88.5,5,1100000,1046000
Honda Amaze S Petrol,Kochi,2016,51672,Petrol,Manual,First,19.5,1199.0,88.76,5,755000,568000
Hyundai Grand i10 1.2 Kappa Asta,Hyderabad,2017,20000,Petrol,Manual,First,18.9,1197.0,81.86,5,782000,598000
Hyundai Grand i10 1.2 Kappa Magna,Kochi,2018,50234,Petrol,Manual,First,18.9,1197.0,81.86,5,632000,476999
Hyundai Verna VTVT 1.6 AT SX Option,Mumbai,2015,40600,Petrol,Automatic,First,17.0,1591.0,121.3,5,1514000,720000
Hyundai Verna CRDi 1.6 AT SX Option,Ahmedabad,2013,87000,Diesel,Automatic,First,22.0,1582.0,126.2,5,1572000,590000
Volvo S60 D4 Momentum,Hyderabad,2015,51000,Diesel,Automatic,First,27.03,1969.0,190.0,5,4567000,2500000
BMW 3 Series 320d Luxury Line,Chennai,2012,65000,Diesel,Automatic,First,22.69,1995.0,190.0,5,5470000,1400000
Toyota Innova Crysta 2.4 VX MT,Hyderabad,2017,24393,Diesel,Manual,First,13.68,2393.0,147.8,7,2287000,2039999
Volkswagen Polo 1.0 MPI Trendline,Hyderabad,2019,1000,Petrol,Manual,First,18.78,999.0,75.0,5,674000,568000
Mitsubishi Pajero Sport 4X4,Mumbai,2013,59000,Diesel,Manual,First,13.5,2477.0,175.56,7,3309000,1275000
Toyota Corolla Altis 1.8 VL CVT,Delhi,2017,21000,Petrol,Automatic,First,14.28,1798.0,138.03,5,2325000,1800000
Toyota Corolla Altis 1.4 DG,Ahmedabad,2012,52000,Diesel,Manual,First,21.43,1364.0,86.79,5,1927000,650000
Jaguar XE 2.0L Diesel Prestige,Delhi,2018,1000,Diesel,Automatic,First,13.6,1999.0,177.0,5,5277000,4000000
Mahindra Xylo D4,Chennai,2016,85000,Diesel,Manual,First,14.95,2489.0,93.7,7,1167000,615000
Maruti Swift VDI,Kochi,2017,34613,Diesel,Manual,First,28.4,1248.0,74.0,5,792000,624000
Hyundai Xcent 1.2 VTVT S,Bangalore,2014,54000,Petrol,Manual,First,20.14,1197.0,81.86,5,785000,550000
Honda City i-VTEC CVT VX,Kochi,2018,22974,Petrol,Automatic,First,18.0,1497.0,117.3,5,1555000,1197000
Toyota Fortuner 2.8 2WD MT,Ahmedabad,2015,65012,Diesel,Manual,First,14.24,2755.0,174.5,7,3245000,1889999
Maruti Eeco 7 Seater Standard,Hyderabad,2015,90413,Petrol,Manual,First,15.1,1196.0,73.0,7,483000,295000
Maruti Swift LDI,Mumbai,2015,14000,Diesel,Manual,First,28.4,1248.0,74.0,5,713000,525000
BMW 5 Series 520d Luxury Line,Coimbatore,2012,44450,Diesel,Automatic,First,22.48,1995.0,190.0,5,7181999,2468000
BMW X1 M Sport sDrive 20d,Mumbai,2016,31000,Diesel,Automatic,First,17.05,1995.0,190.0,5,5097000,2950000
Hyundai Verna CRDi 1.4 E,Chennai,2008,121097,Diesel,Manual,Second,24.0,1396.0,88.76,5,1073000,190000
Fiat Linea Classic Plus 1.3 Multijet,Jaipur,2013,86000,Diesel,Manual,Second,19.5,1248.0,75.0,5,950000,250000
BMW 3 Series 320d Luxury Line,Kochi,2013,37613,Diesel,Automatic,First,22.69,1995.0,190.0,5,5246000,1395000
Maruti Ignis 1.2 Delta,Coimbatore,2019,16862,Petrol,Manual,First,20.89,1197.0,81.8,5,607000,606000
Maruti Alto K10 VXI,Kolkata,2018,2100,Petrol,Manual,First,24.07,998.0,67.1,5,433000,360000
Hyundai Grand i10 1.2 Kappa Sportz AT,Coimbatore,2018,20667,Petrol,Automatic,First,18.9,1197.0,81.86,5,863000,755000
Hyundai Grand i10 1.2 Kappa Sportz,Kochi,2019,18453,Petrol,Manual,First,18.9,1197.0,81.86,5,668000,617000
Hyundai Verna CRDi 1.6 SX,Hyderabad,2008,96578,Diesel,Manual,First,22.0,1582.0,126.2,5,1407000,250000
Renault Duster 110PS Diesel RxZ AMT,Bangalore,2016,45000,Diesel,Automatic,First,19.6,1461.0,108.45,5,1505000,1150000
Hyundai Grand i10 1.2 Kappa Magna AT,Bangalore,2018,3000,Petrol,Automatic,First,18.9,1197.0,81.86,5,798000,620000
Toyota Innova Crysta 2.8 ZX AT,Kolkata,2016,66618,Diesel,Automatic,First,11.36,2755.0,171.5,7,2482000,1549000
Tata Zest Revotron 1.2T XM,Mumbai,2016,43706,Petrol,Manual,First,17.57,1193.0,88.7,5,763000,400000
Toyota Innova Crysta 2.4 VX MT,Kochi,2018,8899,Diesel,Manual,First,13.68,2393.0,147.8,7,2286000,1992000
Ford EcoSport 1.5 Petrol Titanium,Pune,2018,17000,Petrol,Manual,First,17.0,1497.0,121.36,5,1106000,919999
Maruti Alto K10 VXI,Hyderabad,2016,10000,Petrol,Manual,First,24.07,998.0,67.1,5,453000,350000
Toyota Corolla Altis 1.8 G,Mumbai,2010,93000,Petrol,Manual,First,14.28,1798.0,138.03,5,1939000,450000
Hyundai Elantra 2.0 SX Option AT,Delhi,2017,9500,Petrol,Automatic,First,14.62,1999.0,149.92,5,2177000,1635000
Hyundai Creta 1.6 SX Automatic Diesel,Chennai,2016,55000,Diesel,Automatic,First,17.6,1582.0,126.2,5,1835000,1250000
Volkswagen Ameo 1.5 TDI Comfortline,Jaipur,2016,58095,Diesel,Manual,First,21.66,1498.0,108.62,5,919000,580000
Tata Zest Revotron 1.2 XT,Kolkata,2015,7445,Petrol,Manual,First,17.57,1193.0,88.7,5,809000,500000
Toyota Corolla Altis 1.8 VL CVT,Kochi,2018,28321,Petrol,Automatic,First,14.28,1798.0,138.03,5,2325000,1748999
Maruti Dzire AMT ZDI Plus,Hyderabad,2017,28226,Diesel,Automatic,First,28.4,1248.0,73.75,5,1152000,915000
Ford EcoSport 1.5 Diesel Titanium Plus,Chennai,2016,29200,Diesel,Manual,First,23.0,1498.0,98.96,5,1323000,770000
Tata Zest Quadrajet 1.3 XT,Coimbatore,2018,38310,Diesel,Manual,First,20.65,1248.0,88.7,5,1006000,669000
Skoda Rapid 1.5 TDI AT Style,Kolkata,2017,31300,Diesel,Automatic,First,21.72,1498.0,108.4,5,1534000,1050000
Toyota Innova Crysta 2.4 VX MT 8S,Coimbatore,2019,11241,Diesel,Manual,First,13.68,2393.0,147.8,8,2401000,2255000
Mahindra Thar CRDe,Jaipur,2016,19000,Diesel,Manual,First,16.55,2498.0,105.0,6,1139000,925000
Ford Aspire Titanium Diesel,Coimbatore,2017,30279,Diesel,Manual,First,26.1,1498.0,99.0,5,978999,729000
Mini Cooper 3 DOOR D,Mumbai,2016,20000,Diesel,Automatic,First,20.7,1496.0,113.98,4,3500000,2350000
Mahindra Verito 1.5 D4 BSIV,Pune,2015,90000,Diesel,Manual,Second,21.03,1461.0,65.0,5,926000,310000
Volkswagen Ameo 1.2 MPI Highline,Coimbatore,2017,22389,Petrol,Manual,First,17.0,1198.0,73.75,5,868000,723000
Land Rover Discovery Sport TD4 HSE 7S,Mumbai,2017,40000,Diesel,Automatic,First,12.81,1999.0,148.31,7,6639000,4150000
Volkswagen Tiguan 2.0 TDI Highline,Jaipur,2017,50510,Diesel,Automatic,First,17.06,1968.0,141.0,5,3645000,2490000
Audi Q7 45 TDI Quattro Premium Plus,Kochi,2019,6773,Diesel,Automatic,First,14.75,2967.0,245.0,7,9138000,7294000
Mahindra Bolero ZLX,Jaipur,2013,63000,Diesel,Manual,First,15.96,2523.0,62.1,7,1115000,550000
BMW X1 M Sport sDrive 20d,Kochi,2017,32838,Diesel,Automatic,First,17.05,1995.0,190.0,5,5097000,3029000
Jaguar XE 2.0L Diesel Prestige,Hyderabad,2017,4000,Diesel,Automatic,First,13.6,1999.0,177.0,5,5341000,3800000
Maruti Wagon R LXI,Delhi,2012,45631,Petrol,Manual,Second,22.5,998.0,67.04,5,459000,274000
Hyundai Grand i10 1.2 Kappa Magna,Delhi,2017,12248,Petrol,Manual,First,18.9,1197.0,81.86,5,654000,490000
Maruti Alto K10 VXI,Coimbatore,2011,48624,Petrol,Manual,First,24.07,998.0,67.1,5,470000,322000
BMW 5 Series 520d Luxury Line,Kochi,2018,32586,Diesel,Automatic,First,22.48,1995.0,190.0,5,6787000,3729999
Mercedes-Benz GLE 350d,Coimbatore,2018,40129,Diesel,Automatic,First,11.57,2987.0,254.79,5,9513000,7080000
Hyundai Grand i10 1.2 Kappa Sportz,Kochi,2018,10393,Petrol,Manual,First,18.9,1197.0,81.86,5,662000,603000
Honda Amaze V CVT Petrol,Pune,2018,1700,Petrol,Automatic,First,19.0,1199.0,88.76,5,944000,780000
Audi Q3 35 TDI Quattro Premium Plus,Coimbatore,2016,58661,Diesel,Automatic,First,15.17,1968.0,181.0,5,4864000,2803000
Mahindra Xylo D4,Hyderabad,2015,169000,Diesel,Manual,First,14.95,2489.0,93.7,7,1169000,500000
Maruti Ciaz Zeta,Mumbai,2017,5500,Petrol,Manual,First,21.56,1462.0,103.25,5,1111000,819999
Maruti Wagon R LXI,Ahmedabad,2010,21002,Petrol,Manual,First,22.5,998.0,67.04,5,474000,275000
Maruti Eeco 7 Seater Standard,Coimbatore,2017,28371,Petrol,Manual,First,15.1,1196.0,73.0,7,498000,474000
Renault KWID Climber 1.0 MT,Delhi,2017,15000,Petrol,Manual,First,21.7,999.0,67.0,5,498000,425000
Honda WRV i-VTEC VX,Kochi,2018,15135,Petrol,Manual,First,17.5,1199.0,88.7,5,1057000,928999
Maruti Wagon R VXI AMT,Coimbatore,2017,37832,Petrol,Automatic,First,22.5,998.0,67.0,5,633000,523000
Hyundai Grand i10 1.2 Kappa Asta,Coimbatore,2016,43041,Petrol,Manual,First,18.9,1197.0,81.86,5,810000,601000
Hyundai Grand i10 1.2 Kappa Magna,Kolkata,2017,31184,Petrol,Manual,First,18.9,1197.0,81.86,5,640000,500000
Maruti Dzire AMT ZDI Plus,Pune,2017,41747,Diesel,Automatic,First,28.4,1248.0,73.75,5,1126000,900000
Toyota Etios Liva 1.2 VX Dual Tone,Coimbatore,2019,20877,Petrol,Manual,First,18.16,1197.0,78.9,5,759000,727000
Maruti Swift VXI,Mumbai,2016,23555,Petrol,Manual,First,22.0,1197.0,81.8,5,700000,509999
Volkswagen Polo GT TSI,Mumbai,2016,28000,Petrol,Automatic,First,17.21,1197.0,103.5,5,1126000,725000
Tata Bolt Quadrajet XE,Hyderabad,2017,40000,Diesel,Manual,First,22.95,1248.0,74.0,5,743000,525000
Hyundai Elantra 1.6 SX Option AT,Ahmedabad,2014,49000,Diesel,Automatic,First,18.23,1582.0,126.2,5,2243000,890000
Jeep Compass 2.0 Limited Option Black,Mumbai,2017,7000,Diesel,Manual,First,17.1,1956.0,170.0,5,2402000,1745000
Toyota Corolla Altis 1.8 GL,Kochi,2012,83184,Petrol,Manual,First,14.28,1798.0,138.03,5,2169000,622000
Mercedes-Benz GLE 350d,Coimbatore,2017,33552,Diesel,Automatic,First,11.57,2987.0,254.79,5,9513000,6487000
Mercedes-Benz A Class A180 Sport,Mumbai,2016,17000,Petrol,Automatic,First,15.5,1595.0,122.0,5,3463000,1725000
Hyundai Grand i10 1.2 Kappa Magna,Kochi,2018,46493,Petrol,Manual,First,18.9,1197.0,81.86,5,632000,553000
BMW 3 Series 320d,Ahmedabad,2011,100000,Diesel,Automatic,Second,22.69,1995.0,190.0,5,4331000,1090000
Maruti Eeco 7 Seater Standard,Mumbai,2014,34669,Petrol,Manual,First,15.1,1196.0,73.0,7,471000,290000
Toyota Innova Crysta 2.8 GX AT,Kochi,2019,10601,Diesel,Automatic,First,11.36,2755.0,171.5,7,2073999,1964999
Hyundai Grand i10 1.2 Kappa Sportz,Delhi,2018,9434,Petrol,Manual,First,18.9,1197.0,81.86,5,671000,575000
Volkswagen Ameo 1.2 MPI Highline,Coimbatore,2018,35569,Petrol,Manual,First,17.0,1198.0,73.75,5,868000,727000
Toyota Fortuner 2.8 2WD AT,Ahmedabad,2017,15000,Diesel,Automatic,First,12.9,2755.0,174.5,7,3445000,3000000
Maruti Dzire VDI,Delhi,2016,45376,Diesel,Manual,First,28.4,1248.0,73.75,5,858000,575000
Ford EcoSport 1.5 Diesel Titanium Plus,Kochi,2017,78526,Diesel,Manual,First,23.0,1498.0,98.96,5,1267000,809000
BMW X1 sDrive 20d xLine,Coimbatore,2015,42265,Diesel,Automatic,Second,20.68,1995.0,190.0,5,4818000,2224000
Ford EcoSport 1.5 Diesel Titanium,Mumbai,2017,26000,Diesel,Manual,First,23.0,1498.0,98.96,5,1189000,899000
Maruti Dzire ZDI Plus,Jaipur,2017,24000,Diesel,Manual,First,28.4,1248.0,73.75,5,1048000,819999
Hyundai Verna VTVT 1.6 SX Option,Delhi,2013,57478,Petrol,Manual,Second,17.0,1591.0,121.3,5,1359000,525000
Maruti Vitara Brezza ZDi,Hyderabad,2016,41372,Diesel,Manual,First,24.3,1248.0,88.5,5,1102000,930000
Mercedes-Benz GLA Class 200 d Sport,Pune,2017,35000,Diesel,Automatic,First,17.9,2143.0,136.0,5,4194000,2350000
Maruti Dzire VDI,Mumbai,2012,74000,Diesel,Manual,Second,28.4,1248.0,73.75,5,894000,425000
Jeep Compass 2.0 Longitude,Kochi,2018,28937,Diesel,Manual,First,17.1,1956.0,170.0,5,2138000,1702000
Toyota Corolla Altis 1.4 DG,Coimbatore,2013,63854,Diesel,Manual,First,21.43,1364.0,86.79,5,1927000,712000
Maruti Vitara Brezza ZDi Plus AMT Dual Tone,Chennai,2018,3000,Diesel,Automatic,First,24.3,1248.0,88.5,5,1288000,1125000
Hyundai Xcent 1.2 VTVT SX,Mumbai,2014,64241,Petrol,Manual,First,20.14,1197.0,81.86,5,827000,367000
BMW X1 sDrive 20d xLine,Bangalore,2016,28143,Diesel,Automatic,First,20.68,1995.0,190.0,5,4818000,2850000
Toyota Innova Crysta 2.4 VX MT,Hyderabad,2017,67000,Diesel,Manual,First,13.68,2393.0,147.8,7,2287000,1650000
Hyundai Grand i10 1.2 Kappa Magna AT,Kochi,2018,5354,Petrol,Automatic,First,18.9,1197.0,81.86,5,737000,676000
Volkswagen Polo 1.0 MPI Comfortline,Chennai,2016,42000,Petrol,Manual,Second,18.78,999.0,75.0,5,733000,550000
Maruti Eeco 7 Seater Standard,Coimbatore,2013,54885,Petrol,Manual,First,15.1,1196.0,73.0,7,498000,375000
Toyota Innova Crysta 2.4 VX MT,Mumbai,2016,25121,Diesel,Manual,First,13.68,2393.0,147.8,7,2306000,1711000
Mahindra Bolero SLE,Hyderabad,2012,75000,Diesel,Manual,First,15.96,2523.0,62.1,7,1032000,430000
Maruti Ignis 1.2 Alpha,Mumbai,2017,1000,Petrol,Manual,First,20.89,1197.0,81.8,5,787000,636000
Jeep Compass 2.0 Longitude,Coimbatore,2018,33218,Diesel,Manual,First,17.1,1956.0,170.0,5,2246000,1905000
Mini Cooper 5 DOOR D,Hyderabad,2017,2000,Diesel,Automatic,First,20.7,1496.0,113.98,5,4248000,3400000
Tata Zest Revotron 1.2T XMS,Chennai,2015,40000,Petrol,Manual,First,17.57,1193.0,88.7,5,769000,400000
Ford Aspire Titanium Plus Diesel,Kolkata,2015,2800,Diesel,Manual,First,26.1,1498.0,99.0,5,940000,841000
Hyundai Grand i10 1.2 Kappa Asta,Coimbatore,2016,37429,Petrol,Manual,First,18.9,1197.0,81.86,5,810000,589000
Honda City i-VTEC V,Delhi,2011,67031,Petrol,Manual,First,17.4,1497.0,117.3,5,1185000,400000
Maruti Celerio VXI AMT,Mumbai,2016,47691,Petrol,Automatic,First,23.1,998.0,67.04,5,608000,394000
Maruti Dzire VDI,Kolkata,2015,28193,Diesel,Manual,First,28.4,1248.0,73.75,5,836000,525000
Mercedes-Benz E-Class E 220 d,Hyderabad,2013,85000,Diesel,Automatic,First,16.1,1950.0,194.0,5,7115000,2100000
Hyundai Grand i10 1.2 Kappa Sportz,Ahmedabad,2015,20780,Petrol,Manual,First,18.9,1197.0,81.86,5,682000,430000
Mercedes-Benz GLE 250d,Kochi,2017,25601,Diesel,Automatic,First,17.9,2143.0,201.15,5,7876000,5673000
Ford Freestyle Titanium Petrol,Mumbai,2007,1261,Petrol,Manual,First,19.0,1194.0,94.68,5,811999,600000
Hyundai Elite i20 Asta Option,Coimbatore,2017,59450,Petrol,Manual,First,18.6,1197.0,81.86,5,977999,753000
Maruti Baleno Delta,Mumbai,2016,12573,Petrol,Manual,First,21.4,1197.0,83.1,5,736000,580000
Toyota Fortuner 2.8 2WD AT,Pune,2017,29000,Diesel,Automatic,First,12.9,2755.0,174.5,7,3811000,3100000
Maruti Ertiga ZDI,Delhi,2013,68000,Diesel,Manual,First,25.47,1248.0,88.5,7,1175000,484999
Maruti Swift VDI,Hyderabad,2013,84000,Diesel,Manual,First,28.4,1248.0,74.0,5,844000,565000
Hyundai Creta 1.6 SX Option,Delhi,2016,24347,Petrol,Manual,First,15.8,1591.0,121.3,5,1605999,1100000
Honda City i-VTEC CVT VX,Mumbai,2017,17000,Petrol,Automatic,First,18.0,1497.0,117.3,5,1529000,1160000
Honda Brio 1.2 VX MT,Kochi,2014,41460,Petrol,Manual,First,18.5,1198.0,86.8,5,663000,395000
Toyota Fortuner 2.8 4WD MT,Bangalore,2015,150386,Diesel,Manual,First,14.24,2755.0,174.5,7,3960000,2300000
Maruti Vitara Brezza ZDi Plus,Ahmedabad,2017,80000,Diesel,Manual,First,24.3,1248.0,88.5,5,1091000,800000
Hyundai Tucson 2.0 Dual VTVT 2WD AT GL,Mumbai,2016,13000,Petrol,Automatic,First,12.95,1999.0,152.88,5,2575000,1775000
Maruti Wagon R VXI,Kolkata,2016,16956,Petrol,Manual,First,22.5,998.0,67.04,5,529000,360000
Maruti Wagon R VXI,Mumbai,2010,38000,Petrol,Manual,Second,22.5,998.0,67.04,5,561000,175000
Honda Brio 1.2 VX AT,Mumbai,2017,20000,Petrol,Automatic,First,16.5,1198.0,86.8,5,805000,599000
Toyota Etios Cross 1.4L GD,Kochi,2016,36681,Diesel,Manual,First,23.59,1364.0,67.06,5,882000,671000
Honda City i-VTEC CVT ZX,Coimbatore,2018,20300,Petrol,Automatic,First,18.0,1497.0,117.3,5,1738000,1421000
Maruti Celerio ZXI MT,Kochi,2017,21799,Petrol,Manual,First,23.1,998.0,67.04,5,569000,511000
Toyota Innova Crysta 2.8 ZX AT,Hyderabad,2017,35358,Diesel,Automatic,First,11.36,2755.0,171.5,7,2656000,2299000
Tata Tiago 1.2 Revotron XT,Jaipur,2016,42700,Petrol,Manual,First,23.84,1199.0,84.0,5,561000,360000
Toyota Fortuner 2.8 4WD MT,Hyderabad,2010,110000,Diesel,Manual,First,14.24,2755.0,174.5,7,3751000,1370000
Maruti Wagon R VXI 1.2,Mumbai,2015,55000,Petrol,Manual,First,21.5,1197.0,81.8,5,588000,310000
Honda City i-DTEC ZX,Hyderabad,2017,46000,Diesel,Manual,First,25.6,1498.0,98.6,5,1695000,1290000
BMW 5 Series 520d Luxury Line,Ahmedabad,2012,95000,Diesel,Automatic,Second,22.48,1995.0,190.0,5,6371000,1750000
Ford EcoSport 1.5 Diesel Titanium,Delhi,2017,39000,Diesel,Manual,First,23.0,1498.0,98.96,5,1147000,844999
Toyota Fortuner 2.8 4WD MT,Mumbai,2010,140000,Diesel,Manual,First,14.24,2755.0,174.5,7,3746000,1075000
Maruti Swift VDI,Kochi,2016,62192,Diesel,Manual,First,28.4,1248.0,74.0,5,788000,522000
Maruti Ciaz Alpha,Kochi,2018,38394,Petrol,Manual,First,21.56,1462.0,103.25,5,1137000,918000
Hyundai Elantra 2.0 SX Option AT,Delhi,2016,28000,Petrol,Automatic,First,14.62,1999.0,149.92,5,2177000,1390000
Volkswagen Vento 1.5 TDI Trendline,Mumbai,2011,47000,Diesel,Manual,First,20.64,1498.0,108.5,5,1130000,325000
Mercedes-Benz E-Class E 350 d,Coimbatore,2019,9312,Diesel,Automatic,First,18.0,2987.0,258.0,5,9250000,7880000
Hyundai Elantra 2.0 SX Option AT,Coimbatore,2015,58239,Petrol,Automatic,First,14.62,1999.0,149.92,5,2364000,969000
Nissan Terrano XL D Option,Mumbai,2014,51000,Diesel,Manual,First,19.87,1461.0,83.14,5,1506000,565000
Toyota Fortuner 2.8 2WD AT,Ahmedabad,2016,88008,Diesel,Automatic,Second,12.9,2755.0,174.5,7,3445000,2250000
Mercedes-Benz GLA Class 200 d Sport,Mumbai,2018,10000,Diesel,Automatic,First,17.9,2143.0,136.0,5,4194000,2890000
Mini Cooper Convertible S,Chennai,2012,17000,Petrol,Automatic,Second,16.82,1998.0,189.08,4,4428000,2200000
Mini Cooper 3 DOOR S,Mumbai,2013,21000,Petrol,Automatic,First,17.44,1998.0,189.08,4,3957000,2150000
Skoda Rapid 1.6 MPI AT Ambition,Mumbai,2017,32000,Petrol,Automatic,First,14.84,1598.0,103.52,5,1370000,811000
Maruti Ertiga VDI,Delhi,2017,65000,Diesel,Manual,First,25.47,1248.0,88.5,7,1116000,765000
Ford EcoSport 1.5 Petrol Trend,Kolkata,2016,21460,Petrol,Manual,First,17.0,1497.0,121.36,5,947000,600000
Honda Jazz V CVT,Hyderabad,2015,33000,Petrol,Automatic,First,19.0,1199.0,88.7,5,1017000,725000
Maruti Vitara Brezza ZDi Plus,Jaipur,2017,48324,Diesel,Manual,First,24.3,1248.0,88.5,5,1147000,900000
Hyundai Grand i10 1.2 CRDi Sportz,Kochi,2017,20773,Diesel,Manual,First,24.0,1186.0,73.97,5,817000,592000
Volkswagen Polo 1.5 TDI Highline,Kolkata,2016,22000,Diesel,Manual,First,20.14,1498.0,88.0,5,958000,629000
BMW 3 Series 320d,Mumbai,2013,25000,Diesel,Automatic,First,22.69,1995.0,190.0,5,4787000,1798999
Mahindra Xylo H4,Chennai,2015,82000,Diesel,Manual,Second,14.02,2179.0,118.3,7,1167000,484999
Maruti Dzire VDI,Hyderabad,2011,110000,Diesel,Manual,First,28.4,1248.0,73.75,5,914000,400000
Volkswagen Polo 1.5 TDI Highline,Delhi,2012,68038,Diesel,Manual,First,20.14,1498.0,88.0,5,996000,360000
BMW 5 Series 520d Luxury Line,Ahmedabad,2013,55000,Diesel,Automatic,First,22.48,1995.0,190.0,5,6371000,2175000
Mercedes-Benz GLC 220d 4MATIC Sport,Mumbai,2017,25000,Diesel,Automatic,First,17.9,2143.0,170.0,5,6414000,4500000
Maruti Alto K10 VXI,Coimbatore,2011,46808,Petrol,Manual,Second,24.07,998.0,67.1,5,470000,319000
Hyundai Xcent 1.2 VTVT S,Coimbatore,2015,65743,Petrol,Manual,First,20.14,1197.0,81.86,5,785000,620000
Hyundai Creta 1.6 SX Option,Mumbai,2016,29477,Petrol,Manual,First,15.8,1591.0,121.3,5,1636000,1025000
Toyota Fortuner 2.8 2WD AT,Delhi,2017,40000,Diesel,Automatic,First,12.9,2755.0,174.5,7,3738000,3000000
Ford EcoSport 1.5 Diesel Titanium,Mumbai,2017,30000,Diesel,Manual,First,23.0,1498.0,98.96,5,1189000,899000
Tata Zest Revotron 1.2T XE,Delhi,2017,47000,Petrol,Manual,Second,17.57,1193.0,88.7,5,662000,450000
Maruti Vitara Brezza ZDi Plus Dual Tone,Kochi,2017,45362,Diesel,Manual,First,24.3,1248.0,88.5,5,1175000,938000
Tata Hexa XTA,Coimbatore,2019,14233,Diesel,Automatic,First,17.6,2179.0,153.86,7,2274000,1785000
Skoda Superb Style 1.8 TSI AT,Mumbai,2010,62004,Petrol,Automatic,Second,14.67,1798.0,177.46,5,3336000,375000
Volkswagen Vento 1.5 TDI Highline AT,Mumbai,2016,25500,Diesel,Automatic,First,21.5,1498.0,108.5,5,1586000,894999
Mercedes-Benz E-Class E 220 d,Mumbai,2018,11000,Diesel,Automatic,First,16.1,1950.0,194.0,5,7055000,5650000
BMW 3 Series 320d Luxury Line,Mumbai,2014,18600,Diesel,Automatic,Second,22.69,1995.0,190.0,5,5443000,2100000
Mercedes-Benz CLA 200 CDI Sport,Coimbatore,2017,20969,Diesel,Automatic,First,17.9,2143.0,136.0,5,4536000,2787000
Maruti Vitara Brezza ZDi,Kolkata,2018,2900,Diesel,Manual,First,24.3,1248.0,88.5,5,1013000,875000
Skoda Rapid 1.5 TDI Ambition,Coimbatore,2018,5833,Diesel,Manual,First,21.13,1498.0,108.4,5,1422000,1192000
Mahindra NuvoSport N8,Coimbatore,2017,37712,Diesel,Manual,First,17.45,1493.0,100.0,7,1177000,757000
Datsun redi-GO T Option,Kochi,2018,30953,Petrol,Manual,First,22.7,799.0,53.64,5,405000,348000
Jeep Compass 2.0 Limited 4X4,Coimbatore,2018,48188,Diesel,Manual,First,16.3,1956.0,170.0,5,2695000,2169000
Toyota Innova Crysta 2.8 ZX AT,Coimbatore,2017,65367,Diesel,Automatic,First,11.36,2755.0,171.5,7,2805000,2014000
Maruti Wagon R VXI AMT,Mumbai,2016,8000,Petrol,Automatic,First,22.5,998.0,67.0,5,614000,415000
Maruti Alto K10 VXI,Mumbai,2016,13198,Petrol,Manual,First,24.07,998.0,67.1,5,482000,315000
Tata Tiago AMT 1.2 Revotron XZA,Coimbatore,2019,15379,Petrol,Automatic,First,23.84,1199.0,83.83,5,717000,697000
Mini Cooper Convertible S,Mumbai,2016,15000,Petrol,Automatic,First,16.82,1998.0,189.08,4,4428000,3500000
Hyundai Verna CRDi 1.6 SX Option,Pune,2017,50000,Diesel,Manual,First,22.0,1582.0,126.2,5,1572000,1150000
Renault Duster 85PS Diesel RxE,Pune,2016,54000,Diesel,Manual,First,19.87,1461.0,83.8,5,1127000,650000
Honda BRV i-VTEC V MT,Pune,2016,9200,Petrol,Manual,First,15.4,1497.0,117.3,7,1358000,800000
Honda Amaze S Diesel,Hyderabad,2015,29000,Diesel,Manual,First,27.4,1498.0,98.6,5,909000,599000
Maruti Alto K10 VXI,Kochi,2018,46805,Petrol,Manual,First,24.07,998.0,67.1,5,409000,363000
Tata Zest Revotron 1.2T XE,Mumbai,2017,100000,Petrol,Manual,First,17.57,1193.0,88.7,5,683000,425000
Maruti Wagon R LXI,Kochi,2011,15466,Petrol,Manual,First,22.5,998.0,67.04,5,504000,336000
BMW 3 Series 320d,Kolkata,2011,70000,Diesel,Automatic,First,22.69,1995.0,190.0,5,4381000,1030000
Maruti Wagon R VXI,Kochi,2014,41994,Petrol,Manual,First,22.5,998.0,67.04,5,512000,341000
Audi Q3 35 TDI Quattro Premium Plus,Bangalore,2015,51000,Diesel,Automatic,First,15.17,1968.0,181.0,5,4864000,2750000
Maruti Wagon R VXI 1.2,Jaipur,2015,64876,Petrol,Manual,First,21.5,1197.0,81.8,5,571000,350000
Maruti Vitara Brezza ZDi Plus Dual Tone,Coimbatore,2017,25299,Diesel,Manual,First,24.3,1248.0,88.5,5,1256000,1034000
Honda Amaze V Petrol,Kochi,2016,40866,Petrol,Manual,First,19.5,1199.0,86.76,5,816000,547000
Mini Cooper Convertible S,Kochi,2017,20469,Petrol,Automatic,First,16.82,1998.0,189.08,4,4428000,3597999
Volkswagen Ameo 1.5 TDI Highline,Kochi,2018,31426,Diesel,Manual,First,21.66,1498.0,108.62,5,972000,790000
Maruti Baleno Alpha CVT,Kochi,2019,13574,Petrol,Automatic,First,21.4,1197.0,83.1,5,1030000,951000
BMW 5 Series 520d Luxury Line,Ahmedabad,2013,90000,Diesel,Automatic,First,22.48,1995.0,190.0,5,6371000,1950000
Maruti Vitara Brezza ZDi Plus,Kochi,2017,38426,Diesel,Manual,First,24.3,1248.0,88.5,5,1112000,913000
Maruti Eeco 7 Seater Standard,Pune,2011,45000,Petrol,Manual,First,15.1,1196.0,73.0,7,469000,225000
Maruti Wagon R LXI,Mumbai,2010,37822,Petrol,Manual,First,22.5,998.0,67.04,5,504000,235000
Toyota Innova Crysta 2.4 VX MT 8S,Coimbatore,2017,72202,Diesel,Manual,First,13.68,2393.0,147.8,8,2401000,1792000
Mercedes-Benz GLE 350d,Coimbatore,2018,30706,Diesel,Automatic,First,11.57,2987.0,254.79,5,9513000,5929000
Maruti Baleno Alpha,Mumbai,2016,12208,Petrol,Manual,First,21.4,1197.0,83.1,5,877999,675000
Volkswagen Polo GT TSI,Mumbai,2017,27853,Petrol,Automatic,First,17.21,1197.0,103.5,5,1126000,825000
Hyundai Grand i10 1.2 Kappa Sportz,Kochi,2018,20689,Petrol,Manual,First,18.9,1197.0,81.86,5,668000,607000
Renault KWID 1.0 RXT Optional AMT,Coimbatore,2017,53285,Petrol,Automatic,First,22.5,999.0,67.0,5,542000,428000
Mercedes-Benz GLE 350d,Mumbai,2017,19863,Diesel,Automatic,First,11.57,2987.0,254.79,5,9123000,6495000
Hyundai Grand i10 1.2 Kappa Sportz,Mumbai,2018,3958,Petrol,Manual,First,18.9,1197.0,81.86,5,714000,555000
BMW X3 xDrive 20d Luxury Line,Hyderabad,2009,58000,Diesel,Automatic,First,18.56,1995.0,190.0,5,6959000,1798000
Renault KWID 1.0 RXT Optional,Kochi,2018,18335,Petrol,Manual,First,21.7,999.0,67.0,5,461000,450000
Volkswagen Polo GT TSI,Mumbai,2017,25000,Petrol,Automatic,First,17.21,1197.0,103.5,5,1126000,775000
Toyota Fortuner 2.8 2WD AT,Kochi,2019,21719,Diesel,Automatic,First,12.9,2755.0,174.5,7,3738000,3313000
Renault KWID Climber 1.0 MT,Hyderabad,2018,4126,Petrol,Manual,First,21.7,999.0,67.0,5,530000,480000
Tata Bolt Quadrajet XM,Hyderabad,2017,98500,Diesel,Manual,First,22.95,1248.0,74.0,5,797000,600000
BMW 3 Series 320d,Coimbatore,2009,103905,Diesel,Automatic,First,22.69,1995.0,190.0,5,4331000,992000
Audi A6 35 TDI Matrix,Delhi,2014,56000,Diesel,Automatic,First,18.53,1968.0,187.74,5,5938000,2400000
Volkswagen Vento 1.5 TDI Highline AT,Kochi,2017,33550,Diesel,Automatic,First,21.5,1498.0,108.5,5,1586000,960000
Audi A6 35 TDI Matrix,Hyderabad,2014,62000,Diesel,Automatic,First,18.53,1968.0,187.74,5,6709999,2500000
Ford EcoSport 1.5 Petrol Titanium Plus AT,Coimbatore,2018,27852,Petrol,Automatic,First,14.8,1497.0,121.36,5,1410000,1044000
Tata Nexon 1.5 Revotorq XZ Plus Dual Tone,Mumbai,2018,14000,Diesel,Manual,First,21.5,1497.0,108.5,5,1222000,990000
Isuzu MUX 4WD,Jaipur,2017,34429,Diesel,Automatic,First,13.8,2999.0,174.57,7,3368000,2000000
Toyota Corolla Altis 1.4 DG,Ahmedabad,2012,52100,Diesel,Manual,First,21.43,1364.0,86.79,5,1927000,650000
Hyundai Grand i10 1.2 Kappa Sportz,Jaipur,2018,10000,Petrol,Manual,First,18.9,1197.0,81.86,5,696000,585000
Jeep Compass 2.0 Limited 4X4,Coimbatore,2019,6261,Diesel,Manual,First,16.3,1956.0,170.0,5,2695000,2391000
Maruti Ignis 1.2 AMT Alpha,Coimbatore,2019,3906,Petrol,Automatic,First,20.89,1197.0,81.8,5,796000,736000
Toyota Innova Crysta 2.4 VX MT,Mumbai,2017,38000,Diesel,Manual,First,13.68,2393.0,147.8,7,2306000,1764999
Toyota Platinum Etios 1.4 GXD,Hyderabad,2015,150000,Diesel,Manual,First,23.59,1364.0,67.05,5,958000,600000
Toyota Innova Crysta 2.8 GX AT 8S,Delhi,2017,18000,Diesel,Automatic,First,11.36,2755.0,171.5,8,2080000,1825000
Nissan Micra Active XV,Ahmedabad,2016,41000,Petrol,Manual,First,19.69,1198.0,67.04,5,678000,425000
Jeep Compass 2.0 Sport,Hyderabad,2017,37000,Diesel,Manual,First,17.1,1956.0,170.0,5,1991000,1689999
Tata Zest Quadrajet 1.3 75PS XM,Pune,2017,72000,Diesel,Manual,First,22.95,1248.0,74.0,5,893000,500000
Maruti Dzire VXI,Hyderabad,2013,34900,Petrol,Manual,First,22.0,1197.0,81.8,5,797000,549000
Maruti Wagon R LXI,Mumbai,2014,25422,Petrol,Manual,First,22.5,998.0,67.04,5,504000,325000
Maruti Ertiga VDI,Mumbai,2018,14000,Diesel,Manual,First,25.47,1248.0,88.5,7,1166000,925000
Mahindra KUV 100 G80 K6 Plus 5Str,Kolkata,2017,43000,Petrol,Manual,First,18.15,1198.0,82.0,5,735000,450000
Maruti Swift VXI,Pune,2010,68000,Petrol,Manual,First,22.0,1197.0,81.8,5,699000,280000
Jeep Compass 2.0 Limited,Pune,2018,16039,Diesel,Manual,First,17.1,1956.0,170.0,5,2389000,1850000
Maruti Swift LDI,Hyderabad,2016,52000,Diesel,Manual,First,28.4,1248.0,74.0,5,727000,595000
Maruti Swift VDI,Kochi,2015,53500,Diesel,Manual,First,28.4,1248.0,74.0,5,788000,536000
Hyundai Xcent 1.2 CRDi S,Mumbai,2016,50000,Diesel,Manual,First,25.4,1186.0,73.97,5,884000,350000
BMW 3 Series 320d Luxury Line,Delhi,2019,87000,Diesel,Automatic,First,22.69,1995.0,190.0,5,5246000,667000
Mahindra Xylo H4,Coimbatore,2016,93166,Diesel,Manual,Second,14.02,2179.0,118.3,7,1167000,585000
Toyota Corolla Altis 1.8 VL CVT,Kolkata,2018,5000,Petrol,Automatic,First,14.28,1798.0,138.03,5,2237000,1695000
Skoda Rapid 1.6 MPI Ambition,Mumbai,2015,39822,Petrol,Manual,First,15.41,1598.0,103.52,5,1202000,468000
Renault KWID RXL,Kochi,2017,24214,Petrol,Manual,Second,25.17,799.0,53.3,5,395000,346000
BMW 3 Series 320d,Coimbatore,2013,85846,Diesel,Automatic,First,22.69,1995.0,190.0,5,4879000,1308000
Maruti Vitara Brezza ZDi Plus Dual Tone,Kochi,2017,35981,Diesel,Manual,First,24.3,1248.0,88.5,5,1129000,951000
Honda Brio 1.2 S MT,Mumbai,2015,22000,Petrol,Manual,First,18.5,1198.0,86.8,5,623000,395000
Hyundai Grand i10 1.2 Kappa Magna AT,Coimbatore,2019,12153,Petrol,Automatic,First,18.9,1197.0,81.86,5,798000,684000
Audi A4 30 TFSI Premium Plus,Kochi,2017,61221,Petrol,Automatic,First,17.84,1395.0,147.51,5,4716000,2173000
Mini Cooper 5 DOOR D,Kochi,2019,14857,Diesel,Automatic,First,20.7,1496.0,113.98,5,4198000,3155000
Ford Endeavour Titanium 4X2,Coimbatore,2019,14648,Diesel,Manual,First,12.62,2198.0,158.0,7,3529000,2736000
Tata Zest Revotron 1.2T XM,Kochi,2017,48198,Petrol,Manual,First,17.57,1193.0,88.7,5,763000,465000
Maruti Dzire LDI,Pune,2012,150000,Diesel,Manual,Third,28.4,1248.0,73.75,5,791000,225000
Maruti Wagon R VXI,Chennai,2014,52000,Petrol,Manual,First,22.5,998.0,67.04,5,551000,345000
Hyundai Grand i10 1.2 Kappa Asta,Coimbatore,2017,62788,Petrol,Manual,First,18.9,1197.0,81.86,5,810000,608000
Toyota Innova Crysta 2.8 GX AT,Pune,2018,20300,Diesel,Automatic,First,11.36,2755.0,171.5,7,2097000,1800000
Mini Cooper 3 DOOR D,Kochi,2015,27641,Diesel,Automatic,Second,20.7,1496.0,113.98,4,3489000,2477000
Mahindra XUV500 W7,Delhi,2018,9000,Diesel,Manual,First,14.0,2179.0,155.0,7,1639999,1300000
Honda City i-VTEC CVT VX,Mumbai,2015,19000,Petrol,Automatic,First,18.0,1497.0,117.3,5,1529000,894999
Honda City i-VTEC CVT VX,Jaipur,2017,35000,Petrol,Automatic,First,18.0,1497.0,117.3,5,1467000,770000
Honda City i-VTEC V,Mumbai,2017,11000,Petrol,Manual,First,17.4,1497.0,117.3,5,1257000,850000
Nissan Micra XV D,Chennai,2012,93450,Diesel,Manual,Second,23.19,1461.0,63.12,5,948000,250000
Maruti Dzire ZDI,Ahmedabad,2013,56454,Diesel,Manual,First,28.4,1248.0,73.75,5,894999,465000
Jeep Compass 2.0 Limited Option 4X4,Kolkata,2017,15050,Diesel,Manual,First,16.3,1956.0,170.0,5,2319000,1750000
Ford Freestyle Titanium Plus Petrol,Kolkata,2018,8896,Petrol,Manual,First,19.0,1194.0,94.68,5,824000,734000
Honda Jazz V,Mumbai,2016,31378,Petrol,Manual,First,18.2,1199.0,88.7,5,871000,590000
Audi Q3 30 TDI Premium FWD,Mumbai,2017,31000,Diesel,Automatic,First,18.51,1968.0,147.51,5,4475000,2700000
Mercedes-Benz E-Class E400 Cabriolet,Kolkata,2015,7501,Petrol,Automatic,First,10.0,2996.0,333.0,4,8757000,4800000
Mercedes-Benz GLE 350d,Coimbatore,2018,29277,Diesel,Automatic,First,11.57,2987.0,254.79,5,9513000,5965000
Maruti Baleno Delta CVT,Coimbatore,2018,34630,Petrol,Automatic,First,21.4,1197.0,83.1,5,857000,729000
Mini Cooper 3 DOOR D,Kochi,2016,32298,Diesel,Automatic,First,20.7,1496.0,113.98,4,3500000,2380000
Ford Aspire Ambiente Diesel,Kolkata,2018,17000,Diesel,Manual,First,26.1,1498.0,99.0,5,756000,565000
Mercedes-Benz CLA 200 CDI Sport,Kochi,2019,29836,Diesel,Automatic,First,17.9,2143.0,136.0,5,4307000,2575000
Toyota Etios Liva 1.4 GD,Delhi,2013,84000,Diesel,Manual,First,23.59,1364.0,67.04,5,783000,385000
Maruti Celerio VXI AMT,Chennai,2015,55000,Petrol,Automatic,First,23.1,998.0,67.04,5,600000,350000
Honda City i-VTEC VX,Mumbai,2017,7500,Petrol,Manual,First,17.4,1497.0,117.3,5,1376000,1115000
Renault Duster 110PS Diesel RxZ AMT,Jaipur,2016,68163,Diesel,Automatic,First,19.6,1461.0,108.45,5,1411000,890000
Maruti Vitara Brezza LDi,Kochi,2017,35384,Diesel,Manual,First,24.3,1248.0,88.5,5,911999,861000
Ford EcoSport 1.5 Diesel Titanium,Coimbatore,2018,32189,Diesel,Manual,First,23.0,1498.0,98.96,5,1120000,925000
BMW 3 Series 320d,Mumbai,2010,67000,Diesel,Automatic,Second,22.69,1995.0,190.0,5,4787000,925000
Maruti Vitara Brezza ZDi Plus,Coimbatore,2018,52380,Diesel,Manual,First,24.3,1248.0,88.5,5,1247000,1015000
Toyota Etios Liva 1.2 G,Chennai,2011,42000,Petrol,Manual,Second,17.71,1197.0,78.9,5,651000,375000
Honda WRV i-VTEC VX,Ahmedabad,2017,32248,Petrol,Manual,First,17.5,1199.0,88.7,5,1032000,825000
Hyundai Grand i10 1.2 Kappa Asta,Bangalore,2014,61325,Petrol,Manual,First,18.9,1197.0,81.86,5,810000,440000
Honda Amaze S Petrol,Jaipur,2014,69000,Petrol,Manual,First,19.5,1199.0,88.76,5,752000,450000
Volkswagen Vento 1.5 TDI Highline AT,Hyderabad,2016,45492,Diesel,Automatic,First,21.5,1498.0,108.5,5,1568000,1030000
Hyundai Grand i10 1.2 Kappa Sportz,Coimbatore,2014,33496,Petrol,Manual,First,18.9,1197.0,81.86,5,745000,550000
BMW 5 Series 520d Luxury Line,Delhi,2013,65000,Diesel,Automatic,First,22.48,1995.0,190.0,5,6787000,2126000
Toyota Corolla Altis 1.8 G,Bangalore,2016,16471,Petrol,Manual,Second,14.28,1798.0,138.03,5,2048000,1150000
Honda City i-VTEC CVT VX,Pune,2018,4500,Petrol,Automatic,First,18.0,1497.0,117.3,5,1517000,1250000
Renault Duster 110PS Diesel RxZ AMT,Coimbatore,2017,42646,Diesel,Automatic,First,19.6,1461.0,108.45,5,1505000,1246000
Maruti Swift VDI,Jaipur,2015,63310,Diesel,Manual,First,28.4,1248.0,74.0,5,813000,509999
Honda Jazz V,Hyderabad,2015,37000,Petrol,Manual,First,18.2,1199.0,88.7,5,878999,630000
Nissan Terrano XL D Option,Hyderabad,2013,65280,Diesel,Manual,First,19.87,1461.0,83.14,5,1472000,580000
Jeep Compass 2.0 Limited Option 4X4,Jaipur,2017,45000,Diesel,Manual,First,16.3,1956.0,170.0,5,2554000,2000000
Honda City i-DTEC ZX,Pune,2017,42000,Diesel,Manual,First,25.6,1498.0,98.6,5,1684000,1200000
Hyundai Grand i10 1.2 CRDi Sportz,Chennai,2018,48000,Diesel,Manual,First,24.0,1186.0,73.97,5,827999,595000
Toyota Innova Crysta 2.4 VX MT,Coimbatore,2019,33598,Diesel,Manual,First,13.68,2393.0,147.8,7,2394000,2220000
Mercedes-Benz CLA 200 CDI Sport,Kochi,2019,13414,Diesel,Automatic,First,17.9,2143.0,136.0,5,4307000,3077000
Mahindra KUV 100 G80 K8,Jaipur,2018,15900,Petrol,Manual,First,18.15,1198.0,82.0,6,788000,625000
Audi A6 35 TDI Matrix,Coimbatore,2017,36824,Diesel,Automatic,First,18.53,1968.0,187.74,5,6937000,3984000
Maruti Baleno Zeta CVT,Kolkata,2016,20000,Petrol,Automatic,First,21.4,1197.0,83.1,5,903999,574000
BMW 3 Series Luxury Line,Ahmedabad,2016,27000,Diesel,Automatic,First,21.76,1995.0,190.0,5,5507000,3500000
Maruti Dzire AMT ZDI Plus,Chennai,2017,19000,Diesel,Automatic,First,28.4,1248.0,73.75,5,1097000,890000
Jeep Compass 2.0 Longitude,Kochi,2018,42203,Diesel,Manual,First,17.1,1956.0,170.0,5,2172000,1946000
Tata Nexon 1.5 Revotorq XZ Plus Dual Tone,Kolkata,2018,4900,Diesel,Manual,First,21.5,1497.0,108.5,5,1147000,922000
Renault KWID RXT Optional,Pune,2018,5000,Petrol,Manual,First,25.17,799.0,53.3,5,490000,350000
Toyota Fortuner 2.8 4WD MT,Kochi,2011,169006,Diesel,Manual,First,14.24,2755.0,174.5,7,3669000,1064000
Honda Jazz V CVT,Mumbai,2017,17978,Petrol,Automatic,First,19.0,1199.0,88.7,5,1010000,695000
Maruti S-Cross Alpha DDiS 200 SH,Kolkata,2016,45296,Diesel,Manual,First,25.1,1248.0,88.5,5,1253000,699000
Tata Hexa XT,Pune,2017,39800,Diesel,Manual,First,17.6,2179.0,153.86,7,2087000,1425000
Maruti Eeco 7 Seater Standard,Coimbatore,2016,42225,Petrol,Manual,First,15.1,1196.0,73.0,7,498000,430000
Maruti Ignis 1.2 Delta,Kochi,2019,12076,Petrol,Manual,First,20.89,1197.0,81.8,5,590000,550000
Volkswagen Polo GT TSI,Coimbatore,2017,50534,Petrol,Automatic,First,17.21,1197.0,103.5,5,1166000,827000
BMW 5 Series 520d Luxury Line,Ahmedabad,2010,46000,Diesel,Automatic,First,22.48,1995.0,190.0,5,6371000,1650000
Mercedes-Benz GLC 220d 4MATIC Style,Coimbatore,2019,29311,Diesel,Automatic,First,17.9,2143.0,170.0,5,6456999,5097000
BMW 3 Series Luxury Line,Mumbai,2016,31000,Diesel,Automatic,First,21.76,1995.0,190.0,5,6088000,2995000
Ford EcoSport 1.5 Petrol Titanium Plus AT,Pune,2017,14000,Petrol,Automatic,First,14.8,1497.0,121.36,5,1323000,999000
Maruti Vitara Brezza ZDi Plus Dual Tone,Ahmedabad,2017,33000,Diesel,Manual,First,24.3,1248.0,88.5,5,1106000,925000
Nissan Terrano XV D Pre,Mumbai,2013,60000,Diesel,Manual,Second,19.64,1461.0,108.5,5,1721000,545000
Maruti Celerio ZXI AMT,Coimbatore,2017,35225,Petrol,Automatic,First,23.1,998.0,67.04,5,656000,525000
BMW 3 Series 320d,Hyderabad,2010,80000,Diesel,Automatic,First,22.69,1995.0,190.0,5,4720000,1420000
Hyundai Grand i10 1.2 Kappa Sportz,Coimbatore,2016,29091,Petrol,Manual,First,18.9,1197.0,81.86,5,682000,487000
Maruti Vitara Brezza ZDi Plus Dual Tone,Coimbatore,2017,26927,Diesel,Manual,First,24.3,1248.0,88.5,5,1256000,1139000
Maruti Vitara Brezza ZDi,Delhi,2016,35299,Diesel,Manual,First,24.3,1248.0,88.5,5,1014000,800000
Maruti Alto K10 VXI,Mumbai,2017,12000,Petrol,Manual,First,24.07,998.0,67.1,5,482000,325000
Maruti Ciaz Zeta,Kochi,2018,10575,Petrol,Manual,First,21.56,1462.0,103.25,5,1111000,918000
Maruti Wagon R VXI 1.2,Kochi,2015,49818,Petrol,Manual,First,21.5,1197.0,81.8,5,544000,411000
Toyota Innova Crysta 2.8 ZX AT,Kochi,2017,26023,Diesel,Automatic,First,11.36,2755.0,171.5,7,2655000,1997000
Maruti Swift VDI,Pune,2014,115000,Diesel,Manual,First,28.4,1248.0,74.0,5,826000,450000
Tata Zest Quadrajet 1.3 XT,Bangalore,2017,27768,Diesel,Manual,First,20.65,1248.0,88.7,5,1006000,585000
Maruti Alto K10 VXI,Chennai,2011,28300,Petrol,Manual,First,24.07,998.0,67.1,5,450000,215000
Audi A6 35 TFSI Matrix,Delhi,2018,22000,Petrol,Automatic,First,15.26,1798.0,187.74,5,5697000,4150000
Maruti Vitara Brezza ZDi Plus Dual Tone,Coimbatore,2018,28741,Diesel,Manual,First,24.3,1248.0,88.5,5,1256000,1100000
Hyundai Verna VTVT 1.6 SX,Kolkata,2018,5000,Petrol,Manual,First,17.0,1591.0,121.3,5,1119000,869999
Maruti Ertiga ZDI Plus,Hyderabad,2016,42000,Diesel,Manual,First,25.47,1248.0,88.5,7,1333000,990000
Hyundai Verna VTVT 1.6 SX,Kochi,2012,32542,Petrol,Manual,First,17.0,1591.0,121.3,5,1167000,577000
BMW 3 Series 320d,Kochi,2012,55598,Diesel,Automatic,First,22.69,1995.0,190.0,5,4787000,1150000
Maruti Dzire VDI,Jaipur,2013,77084,Diesel,Manual,First,28.4,1248.0,73.75,5,875000,495000
Toyota Innova Crysta 2.8 GX AT 8S,Chennai,2016,40000,Diesel,Automatic,First,11.36,2755.0,171.5,8,2110000,1645000
Maruti Baleno Alpha Diesel,Mumbai,2018,2000,Diesel,Manual,First,27.39,1248.0,74.0,5,1027999,869999
Skoda Superb Style 1.8 TSI AT,Mumbai,2016,14500,Petrol,Automatic,First,14.67,1798.0,177.46,5,3336000,2075000
Maruti Ciaz Alpha,Mumbai,2017,19416,Petrol,Manual,First,21.56,1462.0,103.25,5,1156000,825000
Toyota Innova Crysta 2.8 ZX AT,Pune,2016,50296,Diesel,Automatic,Second,11.36,2755.0,171.5,7,2707000,1900000
Jeep Compass 2.0 Longitude,Kochi,2018,26101,Diesel,Manual,First,17.1,1956.0,170.0,5,2138000,1755000
Maruti Alto K10 LXI Optional,Pune,2016,7000,Petrol,Manual,First,24.07,998.0,67.1,5,436000,300000
Honda Jazz Exclusive CVT,Mumbai,2018,3000,Petrol,Automatic,First,19.0,1199.0,88.7,5,1081000,825000
Nissan Sunny XE P,Coimbatore,2012,50297,Petrol,Manual,First,16.95,1498.0,97.6,5,855000,469000
Toyota Corolla Altis 1.8 GL,Chennai,2009,32000,Petrol,Manual,Second,14.28,1798.0,138.03,5,2266000,495000
Maruti Alto K10 VXI,Jaipur,2016,51264,Petrol,Manual,First,24.07,998.0,67.1,5,424000,320000
Mercedes-Benz CLA 200 CGI Sport,Delhi,2016,40000,Petrol,Automatic,First,15.04,1991.0,183.0,5,4102000,2450000
Hyundai Creta 1.6 SX Automatic Diesel,Kolkata,2018,14000,Diesel,Automatic,First,17.6,1582.0,126.2,5,1700000,1125000
BMW 5 Series 520d Luxury Line,Coimbatore,2014,60280,Diesel,Automatic,First,22.48,1995.0,190.0,5,6371000,2245000
Maruti Baleno RS Petrol,Coimbatore,2018,26731,Petrol,Manual,First,21.1,998.0,100.0,5,1089000,861000
Toyota Camry Hybrid 2.5,Coimbatore,2017,23249,Petrol,Automatic,First,19.16,2487.0,175.67,5,4061999,2611000
Hyundai Grand i10 1.2 Kappa Asta,Delhi,2018,10000,Petrol,Manual,First,18.9,1197.0,81.86,5,754000,650000
Skoda Superb Style 1.8 TSI AT,Coimbatore,2016,54253,Petrol,Automatic,First,14.67,1798.0,177.46,5,3019000,1680999
Maruti Wagon R VXI,Pune,2014,38958,Petrol,Manual,First,22.5,998.0,67.04,5,556000,341000
Datsun redi-GO S,Chennai,2016,26239,Petrol,Manual,First,22.7,799.0,53.0,5,443000,275000
Toyota Fortuner 2.8 2WD MT,Coimbatore,2019,56251,Diesel,Manual,First,14.24,2755.0,174.5,7,3717000,3582000
Honda BR-V i-VTEC S MT,Bangalore,2016,34004,Petrol,Manual,First,15.4,1497.0,117.3,7,1290000,802000
Maruti Dzire VDI,Kochi,2017,54758,Diesel,Manual,First,28.4,1248.0,73.75,5,858000,667000
Toyota Innova Crysta 2.8 ZX AT,Bangalore,2017,53841,Diesel,Automatic,First,11.36,2755.0,171.5,7,2805000,2050000
Hyundai Creta 1.6 SX Option,Kochi,2017,47183,Petrol,Manual,Second,15.8,1591.0,121.3,5,1586000,1131000
Datsun redi-GO T Option,Kochi,2018,6279,Petrol,Manual,First,22.7,799.0,53.64,5,405000,360000
Hyundai Creta 1.6 SX Option Diesel,Coimbatore,2017,101065,Diesel,Manual,First,20.5,1582.0,126.2,5,1918000,1145000
Maruti Baleno Delta,Kochi,2017,15134,Petrol,Manual,First,21.4,1197.0,83.1,5,736000,637000
Maruti Ertiga VDI,Chennai,2016,86000,Diesel,Manual,Second,25.47,1248.0,88.5,7,1099000,819999
Honda City i-DTEC SV,Kolkata,2015,39000,Diesel,Manual,First,25.6,1498.0,98.6,5,1223000,549000
Volkswagen Vento 1.6 Highline,Jaipur,2016,33000,Petrol,Manual,First,16.09,1598.0,103.5,5,1163000,770000
Hyundai Verna VTVT 1.6 SX,Bangalore,2014,46676,Petrol,Manual,First,17.0,1591.0,121.3,5,1227000,775000
Maruti Alto K10 LXI,Kochi,2014,51349,Petrol,Manual,First,24.07,998.0,67.1,5,391000,293000
Audi Q3 30 TDI Premium FWD,Coimbatore,2018,22060,Diesel,Automatic,First,18.51,1968.0,147.51,5,4480000,3272999
Audi A4 35 TDI Premium Plus,Kochi,2015,13506,Diesel,Automatic,First,18.25,1968.0,187.74,5,5040000,2166000
Renault KWID RXT Optional,Mumbai,2016,16000,Petrol,Manual,First,25.17,799.0,53.3,5,478000,299000
Honda Amaze S Petrol,Kolkata,2013,32576,Petrol,Manual,First,19.5,1199.0,88.76,5,736000,315000
Datsun redi-GO T Option,Coimbatore,2017,27509,Petrol,Manual,First,22.7,799.0,53.64,5,404000,331000
Skoda Superb Style 1.8 TSI AT,Mumbai,2016,53000,Petrol,Automatic,First,14.67,1798.0,177.46,5,3336000,1785000
Toyota Innova Crysta 2.8 ZX AT,Delhi,2016,42000,Diesel,Automatic,First,11.36,2755.0,171.5,7,2655000,1960000
Maruti Wagon R VXI AMT,Mumbai,2018,1997,Petrol,Automatic,First,22.5,998.0,67.0,5,614000,445000
Maruti Vitara Brezza ZDi Plus Dual Tone,Pune,2016,47300,Diesel,Manual,First,24.3,1248.0,88.5,5,1196000,885000
Maruti Ertiga VDI,Coimbatore,2014,53817,Diesel,Manual,First,25.47,1248.0,88.5,7,1144000,756000
Toyota Innova Crysta 2.8 ZX AT,Ahmedabad,2016,42388,Diesel,Automatic,First,11.36,2755.0,171.5,7,2463000,1800000
BMW X1 xDrive 20d M Sport,Kolkata,2017,27001,Diesel,Automatic,First,20.68,1995.0,190.0,5,5026000,2900000
Hyundai Grand i10 1.2 Kappa Sportz,Coimbatore,2017,38712,Petrol,Manual,First,18.9,1197.0,81.86,5,745000,587000
Maruti Swift ZXI Plus,Ahmedabad,2018,2000,Petrol,Manual,First,22.0,1197.0,81.8,5,816000,775000
Toyota Innova Crysta 2.4 VX MT 8S,Coimbatore,2019,31271,Diesel,Manual,First,13.68,2393.0,147.8,8,2401000,2142000
Skoda Rapid 1.5 TDI Ambition,Mumbai,2012,54500,Diesel,Manual,First,21.13,1498.0,108.4,5,1372000,409999
Toyota Innova Crysta 2.4 ZX MT,Ahmedabad,2016,54000,Diesel,Manual,First,13.68,2393.0,147.8,7,2314000,1650000
Tata Tiago 1.2 Revotron XZ WO Alloy,Hyderabad,2017,16500,Petrol,Manual,First,23.84,1199.0,84.0,5,629000,500000
Honda Amaze V Petrol,Jaipur,2018,6000,Petrol,Manual,First,19.5,1199.0,86.76,5,818000,670000
Maruti Wagon R LXI,Mumbai,2010,12000,Petrol,Manual,First,22.5,998.0,67.04,5,504000,245000
Hyundai Grand i10 1.2 Kappa Magna,Kolkata,2018,4500,Petrol,Manual,First,18.9,1197.0,81.86,5,640000,480000
Hyundai Grand i10 1.2 Kappa Asta,Kochi,2017,51223,Petrol,Manual,First,18.9,1197.0,81.86,5,748000,566000
Ford Mustang V8,Kochi,2018,21290,Petrol,Automatic,First,13.0,4951.0,395.0,4,8392000,5680000
Toyota Innova Crysta 2.8 GX AT,Kochi,2019,14076,Diesel,Automatic,First,11.36,2755.0,171.5,7,2073999,1939999
Hyundai Grand i10 1.2 Kappa Asta,Hyderabad,2017,22500,Petrol,Manual,First,18.9,1197.0,81.86,5,782000,599000
Honda Amaze S Diesel,Kolkata,2013,46500,Diesel,Manual,First,27.4,1498.0,98.6,5,853999,330000
Maruti Wagon R VXI,Jaipur,2017,39867,Petrol,Manual,First,22.5,998.0,67.04,5,544000,450000
Skoda Superb Style 2.0 TDI AT,Mumbai,2015,19000,Diesel,Automatic,First,18.19,1968.0,174.5,5,3694000,1550000
Volkswagen Vento 1.5 TDI Comfortline,Kolkata,2012,34000,Diesel,Manual,First,20.64,1498.0,108.5,5,1116000,340000
Hyundai Verna VTVT 1.6 SX Option,Kochi,2016,52378,Petrol,Manual,First,17.0,1591.0,121.3,5,1360000,797000
Maruti Dzire AMT ZDI Plus,Kochi,2018,64035,Diesel,Automatic,First,28.4,1248.0,73.75,5,1070000,855000
Maruti Eeco 7 Seater Standard,Chennai,2016,55000,Petrol,Manual,First,15.1,1196.0,73.0,7,487000,375000
Mitsubishi Pajero Sport 4X4,Coimbatore,2015,53497,Diesel,Manual,First,13.5,2477.0,175.56,7,3460000,1642000
Mercedes-Benz GLE 350d,Chennai,2016,29000,Diesel,Automatic,First,11.57,2987.0,254.79,5,9279000,6500000
Maruti Wagon R VXI AMT,Kolkata,2017,17000,Petrol,Automatic,First,22.5,998.0,67.0,5,580000,395000
BMW 3 Series 320d,Mumbai,2011,51000,Diesel,Automatic,First,22.69,1995.0,190.0,5,4787000,1050000
BMW 5 Series 520d Luxury Line,Coimbatore,2011,51602,Diesel,Automatic,First,22.48,1995.0,190.0,5,6371000,1727000
BMW 3 Series Luxury Line,Pune,2016,70000,Diesel,Automatic,Second,21.76,1995.0,190.0,5,6211000,2700000
Honda Jazz V,Kochi,2017,36973,Petrol,Manual,First,18.2,1199.0,88.7,5,871000,680000
Maruti Wagon R VXI,Mumbai,2014,43628,Petrol,Manual,First,22.5,998.0,67.04,5,561000,316000
Maruti Vitara Brezza ZDi Plus AMT Dual Tone,Chennai,2018,3300,Diesel,Automatic,First,24.3,1248.0,88.5,5,1288000,1150000
Maruti Alto K10 LXI,Delhi,2016,35027,Petrol,Manual,First,24.07,998.0,67.1,5,391000,300000
Maruti Vitara Brezza ZDi,Bangalore,2017,45000,Diesel,Manual,First,24.3,1248.0,88.5,5,1100000,975000
BMW X1 sDrive 20d xLine,Coimbatore,2019,15456,Diesel,Automatic,First,20.68,1995.0,190.0,5,4818000,3664000
Hyundai Grand i10 1.2 CRDi Asta,Kochi,2015,81828,Diesel,Manual,First,24.0,1186.0,73.97,5,868000,543000
Renault KWID 1.0 RXT Optional,Jaipur,2016,26000,Petrol,Manual,First,21.7,999.0,67.0,5,478000,300000
Honda WRV i-VTEC VX,Hyderabad,2017,15000,Petrol,Manual,First,17.5,1199.0,88.7,5,1083000,890000
Volkswagen Vento 1.6 Comfortline,Kochi,2012,60818,Petrol,Manual,First,16.09,1598.0,103.5,5,1105000,359000
Maruti Ertiga VDI,Pune,2016,54161,Diesel,Manual,First,25.47,1248.0,88.5,7,1127000,764000
Volkswagen Vento 1.6 Comfortline,Kochi,2018,20488,Petrol,Manual,Second,16.09,1598.0,103.5,5,1148000,764000
Toyota Fortuner 2.8 2WD MT,Coimbatore,2017,72668,Diesel,Manual,First,14.24,2755.0,174.5,7,3717000,2885000
Toyota Etios Cross 1.4L VD,Bangalore,2014,57464,Diesel,Manual,First,23.59,1364.0,67.06,5,999000,575000
Toyota Innova Crysta 2.8 ZX AT,Chennai,2016,80000,Diesel,Automatic,First,11.36,2755.0,171.5,7,2695000,1950000
Hyundai Xcent 1.2 VTVT E,Pune,2018,40000,Petrol,Manual,First,20.14,1197.0,81.86,5,671000,500000
Hyundai Verna VTVT 1.6 SX Option,Kochi,2019,12336,Petrol,Manual,First,17.0,1591.0,121.3,5,1360000,1188000
Nissan Micra Active XV,Pune,2018,24000,Petrol,Manual,First,19.69,1198.0,67.04,5,699000,400000
Volkswagen Vento 1.5 TDI Highline,Chennai,2011,121311,Diesel,Manual,First,20.64,1498.0,108.5,5,1432000,290000
Tata Tiago 1.2 Revotron XT Option,Coimbatore,2019,16698,Petrol,Manual,First,23.84,1199.0,84.0,5,621000,585000
Land Rover Range Rover Evoque 2.0 TD4 HSE Dynamic,Hyderabad,2016,52000,Diesel,Automatic,First,15.68,1999.0,177.0,5,7448999,4200000
Hyundai Elite i20 Sportz Plus,Kochi,2017,37460,Petrol,Manual,First,18.6,1197.0,81.86,5,802999,628000
Hyundai Creta 1.6 SX Option Diesel,Bangalore,2016,93000,Diesel,Manual,First,20.5,1582.0,126.2,5,1918000,1080000
Volvo V40 D3 R Design,Hyderabad,2015,38000,Diesel,Automatic,Second,16.8,1969.0,150.0,5,3790000,2400000
BMW 3 Series Luxury Line,Kochi,2018,21936,Diesel,Automatic,First,21.76,1995.0,190.0,5,5867000,3792000
Skoda Superb Style 1.8 TSI AT,Delhi,2013,80000,Petrol,Automatic,Second,14.67,1798.0,177.46,5,3254000,725000
Mahindra Thar CRDe,Coimbatore,2017,28599,Diesel,Manual,First,16.55,2498.0,105.0,6,1171000,966000
Datsun redi-GO T,Kolkata,2016,15000,Petrol,Manual,First,22.7,799.0,53.64,5,398000,225000
Maruti Alto K10 VXI,Kochi,2015,23876,Petrol,Manual,First,24.07,998.0,67.1,5,409000,346000
BMW 3 Series 320d,Hyderabad,2011,89000,Diesel,Automatic,First,22.69,1995.0,190.0,5,4720000,1395000
Maruti Wagon R VXI 1.2,Kolkata,2014,37000,Petrol,Manual,First,21.5,1197.0,81.8,5,556000,280000
Audi A4 35 TDI Technology,Hyderabad,2017,14000,Diesel,Automatic,First,18.25,1968.0,187.74,5,5561000,4300000
Maruti Baleno Alpha,Chennai,2016,16000,Petrol,Manual,First,21.4,1197.0,83.1,5,880000,695000
Tata Nexon 1.2 Revotron XZ Plus,Coimbatore,2018,17477,Petrol,Manual,First,17.0,1198.0,108.5,5,1113000,961999
Maruti Wagon R LXI,Kochi,2014,52431,Petrol,Manual,First,22.5,998.0,67.04,5,459000,301000
Maruti Vitara Brezza ZDi Plus,Kochi,2018,57078,Diesel,Manual,First,24.3,1248.0,88.5,5,1158000,1019000
Maruti Baleno Alpha Diesel,Hyderabad,2017,24000,Diesel,Manual,First,27.39,1248.0,74.0,5,1063000,840000
Maruti Baleno Alpha CVT,Mumbai,2018,3000,Petrol,Automatic,First,21.4,1197.0,83.1,5,1030000,885000
Honda City i-VTEC VX,Ahmedabad,2017,29000,Petrol,Manual,First,17.4,1497.0,117.3,5,1268000,1000000
Mercedes-Benz GLC 220d 4MATIC Style,Mumbai,2017,24000,Diesel,Automatic,First,17.9,2143.0,170.0,5,5977000,4695000
Hyundai Creta 1.6 SX Option Executive,Coimbatore,2018,44383,Petrol,Manual,First,15.8,1591.0,121.3,5,1770000,1325000
Hyundai Creta 1.6 SX,Delhi,2016,69000,Petrol,Manual,First,15.8,1591.0,121.3,5,1423000,969999
Maruti Dzire AMT VDI,Coimbatore,2018,25082,Diesel,Automatic,First,28.4,1248.0,73.75,5,961999,836999
Audi A4 35 TDI Premium Plus,Coimbatore,2014,28469,Diesel,Automatic,First,18.25,1968.0,187.74,5,5314000,2437000
Ford Aspire Titanium Diesel,Kolkata,2017,60048,Diesel,Manual,First,26.1,1498.0,99.0,5,891000,600000
Maruti Dzire AMT ZXI Plus,Coimbatore,2019,8018,Petrol,Automatic,First,22.0,1197.0,81.8,5,1026000,830000
Tata Tiago AMT 1.2 Revotron XZA,Pune,2018,2000,Petrol,Automatic,First,23.84,1199.0,83.83,5,694000,500000
Hyundai Verna CRDi 1.6 SX Option,Hyderabad,2008,109606,Diesel,Manual,First,22.0,1582.0,126.2,5,1559000,290000
Honda Amaze V CVT Petrol,Kochi,2019,25717,Petrol,Automatic,First,19.0,1199.0,88.76,5,947000,886000
Honda Jazz VX,Chennai,2017,8000,Petrol,Manual,First,18.2,1199.0,88.7,5,910000,790000
Hyundai Creta 1.6 SX Option Diesel,Coimbatore,2019,24864,Diesel,Manual,First,20.5,1582.0,126.2,5,1918000,1627000
BMW 5 Series 530d M Sport,Hyderabad,2016,27000,Diesel,Automatic,First,18.59,2993.0,265.0,5,7831000,4800000
Audi A3 35 TDI Premium Plus,Mumbai,2016,39000,Diesel,Automatic,First,20.38,1968.0,143.0,5,4289000,1889999
Volkswagen Polo 1.5 TDI Comfortline,Jaipur,2015,66000,Diesel,Manual,First,20.14,1498.0,88.0,5,956000,491000
BMW X3 xDrive 20d xLine,Kochi,2017,36723,Diesel,Automatic,First,18.56,1995.0,190.0,5,6476000,3257000
Audi Q7 45 TDI Quattro Technology,Pune,2017,59500,Diesel,Automatic,First,14.75,2967.0,245.0,7,9992000,6800000
Honda Jazz VX Diesel,Hyderabad,2017,17151,Diesel,Manual,First,27.3,1498.0,98.6,5,1105000,840000
Maruti Vitara Brezza LDi,Kochi,2018,32539,Diesel,Manual,First,24.3,1248.0,88.5,5,863000,839000
Land Rover Discovery Sport TD4 HSE 7S,Coimbatore,2019,24013,Diesel,Automatic,First,12.81,1999.0,148.31,7,6922000,5614000
Jeep Compass 2.0 Sport,Kolkata,2017,27000,Diesel,Manual,First,17.1,1956.0,170.0,5,1845000,1500000
Maruti Vitara Brezza ZDi,Coimbatore,2017,58829,Diesel,Manual,First,24.3,1248.0,88.5,5,989000,905000
Maruti Celerio LXI MT,Kolkata,2018,30000,Petrol,Manual,First,23.1,998.0,67.04,5,487000,375000
Maruti Vitara Brezza ZDi,Coimbatore,2017,21789,Diesel,Manual,First,24.3,1248.0,88.5,5,1100000,988000
Hyundai Elite i20 Asta Option,Coimbatore,2019,21134,Petrol,Manual,First,18.6,1197.0,81.86,5,977999,877999
Maruti Dzire VDI,Hyderabad,2013,68434,Diesel,Manual,First,28.4,1248.0,73.75,5,914000,550000
Maruti Alto K10 VXI,Pune,2014,17000,Petrol,Manual,First,24.07,998.0,67.1,5,448000,210000
Hyundai Verna CRDi 1.6 SX Option,Mumbai,2013,79225,Diesel,Manual,First,22.0,1582.0,126.2,5,1557000,550000
Maruti Wagon R VXI,Kochi,2019,31817,Petrol,Manual,First,22.5,998.0,67.04,5,512000,534000
Mercedes-Benz GLE 250d,Hyderabad,2016,50000,Diesel,Automatic,First,17.9,2143.0,201.15,5,7943000,4900000
Tata Zest Quadrajet 1.3 75PS XE,Kolkata,2017,45000,Diesel,Manual,First,22.95,1248.0,74.0,5,794000,375000
Mercedes-Benz GLE 350d,Bangalore,2016,28541,Diesel,Automatic,First,11.57,2987.0,254.79,5,9513000,6075000
Nissan Micra XV CVT,Kolkata,2011,44000,Petrol,Automatic,First,19.15,1198.0,75.94,5,873000,265000
Tata Zest Revotron 1.2 XT,Coimbatore,2015,27000,Petrol,Manual,First,17.57,1193.0,88.7,5,869000,527000
Honda Jazz VX Diesel,Chennai,2016,14980,Diesel,Manual,First,27.3,1498.0,98.6,5,1081000,740000
Mercedes-Benz CLA 200 CDI Sport,Jaipur,2017,39000,Diesel,Automatic,First,17.9,2143.0,136.0,5,4240000,2700000
Toyota Corolla Altis 1.8 GL,Coimbatore,2015,53920,Petrol,Manual,First,14.28,1798.0,138.03,5,2337000,1077000
BMW 5 Series 530d M Sport,Chennai,2010,58000,Diesel,Automatic,First,18.59,2993.0,265.0,5,7978000,1175000
Tata Zest Revotron 1.2T XM,Kochi,2015,39208,Petrol,Manual,First,17.57,1193.0,88.7,5,763000,451999
Honda City i-VTEC VX,Coimbatore,2013,38622,Petrol,Manual,First,17.4,1497.0,117.3,5,1268000,626000
Hyundai Verna CRDi 1.6 AT SX Plus,Bangalore,2012,79000,Diesel,Automatic,First,22.0,1582.0,126.2,5,1660000,525000
Renault KWID Climber 1.0 AMT,Coimbatore,2018,38171,Petrol,Automatic,Second,22.5,999.0,67.0,5,572000,499000
Renault KWID 1.0 RXT Optional AMT,Kochi,2017,53105,Petrol,Automatic,First,22.5,999.0,67.0,5,493000,441000
Mahindra Bolero ZLX,Coimbatore,2017,68557,Diesel,Manual,First,15.96,2523.0,62.1,7,1128000,814000
Volkswagen Vento 1.5 TDI Highline,Hyderabad,2016,34000,Diesel,Manual,First,20.64,1498.0,108.5,5,1420000,844999
BMW 3 Series 320d,Bangalore,2012,73000,Diesel,Automatic,First,22.69,1995.0,190.0,5,4879000,1250000
Ford EcoSport 1.5 Diesel Trend,Kochi,2017,63423,Diesel,Manual,First,23.0,1498.0,98.96,5,1042000,769000
Hyundai Creta 1.6 SX Option,Kochi,2018,53322,Petrol,Manual,First,15.8,1591.0,121.3,5,1605999,1213000
Ford EcoSport 1.5 Petrol Titanium,Hyderabad,2017,21800,Petrol,Manual,First,17.0,1497.0,121.36,5,1127000,875000
Ford Freestyle Titanium Plus Petrol,Jaipur,2018,1001,Petrol,Manual,First,19.0,1194.0,94.68,5,844000,723000
Hyundai Elantra 1.6 SX,Pune,2013,170000,Diesel,Manual,First,22.54,1582.0,126.2,5,2087000,750000
Maruti Vitara Brezza ZDi Plus Dual Tone,Pune,2016,85000,Diesel,Manual,First,24.3,1248.0,88.5,5,1196000,890000
Toyota Etios Cross 1.4L VD,Jaipur,2014,62322,Diesel,Manual,First,23.59,1364.0,67.06,5,955000,490000
Maruti Alto K10 VXI,Kochi,2015,37929,Petrol,Manual,First,24.07,998.0,67.1,5,409000,369000
Tata Tiago 1.2 Revotron XM Option,Chennai,2016,5400,Petrol,Manual,First,23.84,1199.0,84.0,5,545000,398000
Volkswagen Ameo 1.2 MPI Highline,Kochi,2017,14576,Petrol,Manual,First,17.0,1198.0,73.75,5,838000,669000
Honda BRV i-VTEC V CVT,Mumbai,2017,17000,Petrol,Automatic,First,16.0,1497.0,117.3,7,1502000,950000
Maruti Celerio ZXI Optional AMT,Kochi,2018,12278,Petrol,Automatic,First,23.1,998.0,67.04,5,595000,563000
Hyundai Creta 1.6 SX,Coimbatore,2018,17665,Petrol,Manual,First,15.8,1591.0,121.3,5,1536000,1178000
Tata Zest Revotron 1.2T XE,Kolkata,2017,65000,Petrol,Manual,First,17.57,1193.0,88.7,5,659000,480000
Volkswagen Vento 1.6 Comfortline,Kolkata,2014,38000,Petrol,Manual,First,16.09,1598.0,103.5,5,1094000,349000
Volkswagen Polo 1.5 TDI Highline,Hyderabad,2016,29647,Diesel,Manual,First,20.14,1498.0,88.0,5,1015000,630000
Maruti Baleno RS Petrol,Kochi,2018,43639,Petrol,Manual,First,21.1,998.0,100.0,5,983000,815000
BMW 3 Series Luxury Line,Bangalore,2017,21000,Diesel,Automatic,First,21.76,1995.0,190.0,5,6207000,3500000
Maruti Dzire VXI,Pune,2013,74000,Petrol,Manual,First,22.0,1197.0,81.8,5,767000,450000
Volkswagen Polo 1.5 TDI Highline,Chennai,2017,25000,Diesel,Manual,First,20.14,1498.0,88.0,5,997000,690000
Audi A6 35 TDI Matrix,Chennai,2015,20000,Diesel,Automatic,First,18.53,1968.0,187.74,5,6767000,3550000
Hyundai Grand i10 1.2 CRDi Sportz,Kochi,2018,32663,Diesel,Manual,First,24.0,1186.0,73.97,5,818000,628000
Tata Bolt Quadrajet XE,Hyderabad,2016,100303,Diesel,Manual,First,22.95,1248.0,74.0,5,743000,370000
Maruti Eeco 7 Seater Standard,Mumbai,2014,34670,Petrol,Manual,First,15.1,1196.0,73.0,7,471000,290000
Hyundai Grand i10 1.2 CRDi Sportz,Delhi,2015,59261,Diesel,Manual,First,24.0,1186.0,73.97,5,818000,425000
BMW 3 Series 320d Luxury Line,Hyderabad,2015,47000,Diesel,Automatic,First,22.69,1995.0,190.0,5,5368000,2950000
Ford Ecosport Signature Edition Diesel,Ahmedabad,2018,13000,Diesel,Manual,First,23.0,1498.0,98.96,5,1212000,1090000
Maruti Celerio ZXI MT,Bangalore,2015,48808,Petrol,Manual,First,23.1,998.0,67.04,5,605000,430000
Hyundai i20 Active SX Dual Tone Petrol,Pune,2019,1000,Petrol,Manual,First,17.19,1197.0,81.86,5,1025000,860000
Volkswagen Ameo 1.5 TDI Highline,Pune,2016,20000,Diesel,Manual,First,21.66,1498.0,108.62,5,1003999,675000
Volkswagen Polo GT TSI,Kochi,2015,26323,Petrol,Automatic,First,17.21,1197.0,103.5,5,1083000,740000
Mahindra Bolero ZLX,Jaipur,2016,65000,Diesel,Manual,First,15.96,2523.0,62.1,7,1115000,721000
Hyundai Xcent 1.2 CRDi S,Kolkata,2017,51000,Diesel,Manual,First,25.4,1186.0,73.97,5,823000,420000
Toyota Innova Crysta 2.4 GX MT,Hyderabad,2016,73000,Diesel,Manual,First,13.68,2393.0,147.8,7,1937000,1650000
Maruti Swift LDI,Jaipur,2015,39437,Diesel,Manual,First,28.4,1248.0,74.0,5,701000,515000
Tata Zest Revotron 1.2T XM,Mumbai,2014,36000,Petrol,Manual,First,17.57,1193.0,88.7,5,763000,370000
Hyundai Grand i10 1.2 Kappa Magna,Pune,2010,45252,Petrol,Manual,First,18.9,1197.0,81.86,5,680000,225000
Maruti Ertiga VDI,Kochi,2018,51236,Diesel,Manual,First,25.47,1248.0,88.5,7,1083000,849000
Maruti Dzire AMT VXI,Chennai,2017,42000,Petrol,Automatic,First,22.0,1197.0,81.8,5,813000,550000
Toyota Corolla Altis 1.8 VL CVT,Coimbatore,2016,82725,Petrol,Automatic,First,14.28,1798.0,138.03,5,2527000,1199000
BMW 3 Series Sport,Mumbai,2016,19000,Diesel,Automatic,Second,21.76,1995.0,190.0,5,5730000,2999000
Maruti Wagon R VXI AMT,Delhi,2016,30000,Petrol,Automatic,First,22.5,998.0,67.0,5,568000,425000
Maruti Vitara Brezza ZDi Plus Dual Tone,Delhi,2016,22000,Diesel,Manual,First,24.3,1248.0,88.5,5,1175000,825000
Honda WR-V Edge Edition i-VTEC S,Kochi,2019,13913,Petrol,Manual,First,17.5,1199.0,88.7,5,936000,819999
Mercedes-Benz GLA Class 200 d Style,Kochi,2016,26212,Diesel,Automatic,First,17.9,2143.0,136.0,5,3872000,2446000
Tata Zest Revotron 1.2T XMS,Pune,2014,23500,Petrol,Manual,Second,17.57,1193.0,88.7,5,770000,390000
Maruti Wagon R VXI AMT1.2,Mumbai,2015,26000,Petrol,Automatic,First,21.5,1197.0,81.8,5,643000,365000
Hyundai Xcent 1.2 CRDi S,Kolkata,2016,26000,Diesel,Manual,First,25.4,1186.0,73.97,5,823000,500000
Maruti Wagon R VXI,Jaipur,2017,35362,Petrol,Manual,First,22.5,998.0,67.04,5,544000,385000
BMW 3 Series 320d,Bangalore,2010,58000,Diesel,Automatic,First,22.69,1995.0,190.0,5,4879000,1150000
Renault KWID Climber 1.0 AMT,Chennai,2018,14000,Petrol,Automatic,First,22.5,999.0,67.0,5,567000,450000
Hyundai Creta 1.6 SX Option Diesel,Coimbatore,2016,47392,Diesel,Manual,First,20.5,1582.0,126.2,5,1918000,1382000
Maruti Dzire LDI,Pune,2017,48000,Diesel,Manual,First,28.4,1248.0,73.75,5,791000,600000
Renault KWID RXL,Jaipur,2016,26000,Petrol,Manual,First,25.17,799.0,53.3,5,396000,254999
Maruti Alto K10 VXI,Jaipur,2016,35000,Petrol,Manual,First,24.07,998.0,67.1,5,424000,300000
BMW X3 xDrive 20d Luxury Line,Mumbai,2018,1400,Diesel,Automatic,First,18.56,1995.0,190.0,5,7055000,6125000
Mini Cooper 3 DOOR S,Kochi,2016,21110,Petrol,Automatic,First,17.44,1998.0,189.08,4,3927000,2895000
Toyota Etios Liva 1.2 G,Coimbatore,2015,64005,Petrol,Manual,First,17.71,1197.0,78.9,5,641000,457000
Nissan Micra XV CVT,Mumbai,2015,34895,Petrol,Automatic,First,19.15,1198.0,75.94,5,947000,459999
Toyota Innova Crysta 2.8 GX AT,Kochi,2017,20789,Diesel,Automatic,First,11.36,2755.0,171.5,7,2073999,1836000
BMW 5 Series 520d Luxury Line,Coimbatore,2016,75637,Diesel,Automatic,First,22.48,1995.0,190.0,5,7181999,3037000
Renault KWID RXT Optional,Kochi,2019,6568,Petrol,Manual,First,25.17,799.0,53.3,5,478000,509000
BMW 3 Series 320d Luxury Line,Kochi,2016,62404,Diesel,Automatic,First,22.69,1995.0,190.0,5,5443000,2133000
BMW 3 Series Luxury Line,Coimbatore,2017,34232,Diesel,Automatic,First,21.76,1995.0,190.0,5,5507000,3584000
Renault Duster 110PS Diesel RxZ AWD,Chennai,2012,80000,Diesel,Manual,First,19.72,1461.0,108.45,5,1594000,675000
Toyota Fortuner 2.8 2WD AT,Coimbatore,2019,28069,Diesel,Automatic,First,12.9,2755.0,174.5,7,3445000,3085000
Nissan Sunny XV D,Chennai,2012,70000,Diesel,Manual,Second,22.71,1461.0,84.8,5,1148000,400000
Maruti Wagon R ZXI AMT 1.2,Mumbai,2019,600,Petrol,Automatic,First,21.5,1197.0,81.8,5,680000,625000
Tata Tigor XE Diesel,Ahmedabad,2017,16235,Diesel,Manual,First,24.7,1047.0,69.0,5,715000,550000
Skoda Superb Style 1.8 TSI AT,Kochi,2017,73641,Petrol,Automatic,First,14.67,1798.0,177.46,5,3336000,1707999
Hyundai Verna VTVT 1.6 AT SX Plus,Mumbai,2012,75059,Petrol,Automatic,First,17.0,1591.0,121.3,5,1370000,425000
Toyota Etios 1.4 VXD,Pune,2018,3000,Diesel,Manual,First,23.59,1364.0,67.04,5,1063000,790000
Volkswagen Polo 1.5 TDI Highline,Coimbatore,2014,52951,Diesel,Manual,First,20.14,1498.0,88.0,5,1032000,565000
Maruti Eeco 7 Seater Standard,Delhi,2016,126000,Petrol,Manual,First,15.1,1196.0,73.0,7,443000,220000
Volkswagen Vento 1.5 TDI Highline,Hyderabad,2017,28000,Diesel,Manual,First,20.64,1498.0,108.5,5,1420000,1000000
Hyundai Grand i10 1.2 Kappa Magna,Delhi,2017,46000,Petrol,Manual,First,18.9,1197.0,81.86,5,654000,475000
Maruti Baleno Zeta,Coimbatore,2018,33150,Petrol,Manual,First,21.4,1197.0,83.1,5,871000,739000
Honda City i-VTEC VX,Ahmedabad,2012,34000,Petrol,Manual,First,17.4,1497.0,117.3,5,1268000,575000
Honda BRV i-VTEC V CVT,Mumbai,2017,16503,Petrol,Automatic,First,16.0,1497.0,117.3,7,1502000,950000
Honda City i-VTEC CVT V,Kochi,2019,22321,Petrol,Automatic,First,18.0,1497.0,117.3,5,1340000,1166000
Mahindra KUV 100 G80 K8 Dual Tone,Delhi,2018,42000,Petrol,Manual,First,18.15,1198.0,82.0,6,796000,550000
Honda City i-VTEC V,Kochi,2018,11732,Petrol,Manual,First,17.4,1497.0,117.3,5,1188000,1007000
Toyota Innova Crysta 2.4 VX MT,Kolkata,2017,31000,Diesel,Manual,First,13.68,2393.0,147.8,7,2136000,1695000
Volvo S60 D4 Momentum,Hyderabad,2014,51000,Diesel,Automatic,First,27.03,1969.0,190.0,5,4567000,2150000
Honda Brio 1.2 S Option MT,Delhi,2012,40315,Petrol,Manual,First,18.5,1198.0,86.8,5,592000,275000
Tata Tiago 1.2 Revotron XZ,Coimbatore,2019,20712,Petrol,Manual,First,23.84,1199.0,84.0,5,659000,694000
Nissan Terrano XL D Option,Kochi,2015,58817,Diesel,Manual,First,19.87,1461.0,83.14,5,1506000,625000
Tata Tiago 1.2 Revotron XZ,Hyderabad,2017,22000,Petrol,Manual,First,23.84,1199.0,84.0,5,642000,480000
Renault KWID RXL,Kochi,2019,7858,Petrol,Manual,First,25.17,799.0,53.3,5,404000,380000
Honda Amaze VX Petrol,Mumbai,2014,21000,Petrol,Manual,First,19.5,1199.0,86.76,5,899000,475000
Volkswagen Vento 1.5 TDI Highline AT,Pune,2016,19000,Diesel,Automatic,First,21.5,1498.0,108.5,5,1568000,1000000
Skoda Rapid 1.6 MPI Ambition,Coimbatore,2019,21214,Petrol,Manual,First,15.41,1598.0,103.52,5,1244000,966000
Maruti Celerio VXI AMT,Kolkata,2016,30000,Petrol,Automatic,First,23.1,998.0,67.04,5,577000,380000
Renault KWID RXT Optional,Kochi,2017,21954,Petrol,Manual,First,25.17,799.0,53.3,5,478000,370000
Nissan Micra XV CVT,Coimbatore,2017,54387,Petrol,Automatic,First,19.15,1198.0,75.94,5,951000,585000
Renault KWID RXT Optional,Mumbai,2018,1617,Petrol,Manual,First,25.17,799.0,53.3,5,478000,429000
Honda City i-DTEC SV,Hyderabad,2015,82000,Diesel,Manual,First,25.6,1498.0,98.6,5,1333000,800000
Hyundai Grand i10 1.2 Kappa Sportz,Kochi,2016,28147,Petrol,Manual,First,18.9,1197.0,81.86,5,662000,507000
Renault Duster 110PS Diesel RxZ,Bangalore,2014,70000,Diesel,Manual,First,19.6,1461.0,108.45,5,1501000,825000
Skoda Superb L&K 2.0 TDI AT,Mumbai,2017,35000,Diesel,Automatic,First,18.19,1968.0,174.5,5,4072999,2575000
Maruti Vitara Brezza ZDi Plus Dual Tone,Kochi,2017,21248,Diesel,Manual,First,24.3,1248.0,88.5,5,1175000,944000
Mercedes-Benz C-Class Progressive C 220d,Ahmedabad,2019,4000,Diesel,Automatic,First,0.0,1950.0,194.0,5,4914000,3500000
Mitsubishi Pajero Sport 4X4,Jaipur,2014,70000,Diesel,Manual,Second,13.5,2477.0,175.56,7,3321000,1185000
Hyundai Creta 1.6 SX,Hyderabad,2018,9900,Petrol,Manual,First,15.8,1591.0,121.3,5,1472000,1320000
Tata Zest Quadrajet 1.3 75PS XE,Hyderabad,2016,125000,Diesel,Manual,First,22.95,1248.0,74.0,5,809000,459999
Renault Duster 110PS Diesel RxZ AMT,Coimbatore,2017,34686,Diesel,Automatic,First,19.6,1461.0,108.45,5,1505000,1186000
Skoda Superb Style 2.0 TDI AT,Mumbai,2017,42000,Diesel,Automatic,First,18.19,1968.0,174.5,5,3694000,2299000
Mahindra NuvoSport N6,Coimbatore,2018,37323,Diesel,Manual,Second,17.45,1493.0,100.0,7,1052000,729000
Maruti Dzire LDI,Pune,2018,27000,Diesel,Manual,First,28.4,1248.0,73.75,5,791000,590000
Renault KWID RXL,Pune,2018,1000,Petrol,Manual,First,25.17,799.0,53.3,5,445000,340000
Maruti Ertiga VXI AT Petrol,Mumbai,2017,28000,Petrol,Automatic,First,18.69,1462.0,103.0,7,1065000,800000
Toyota Corolla Altis 1.8 G CVT,Delhi,2010,109703,Petrol,Automatic,Second,14.28,1798.0,138.03,5,2046000,400000
Hyundai Verna VTVT 1.6 AT SX Option,Mumbai,2018,8000,Petrol,Automatic,First,17.0,1591.0,121.3,5,1514000,1285000
Mercedes-Benz GLA Class 200 Sport,Kochi,2018,17773,Petrol,Automatic,First,13.7,1991.0,183.0,5,3922000,2676000
Volkswagen Polo 1.5 TDI Highline,Hyderabad,2013,65000,Diesel,Manual,Second,20.14,1498.0,88.0,5,1015000,350000
Volkswagen Ameo 1.2 MPI Highline,Ahmedabad,2016,34005,Petrol,Manual,First,17.0,1198.0,73.75,5,809000,575000
Maruti Baleno Alpha,Mumbai,2017,6000,Petrol,Manual,First,21.4,1197.0,83.1,5,877999,750000
Tata Hexa XTA,Jaipur,2016,39000,Diesel,Automatic,First,17.6,2179.0,153.86,7,2100000,1350000
Tata Tiago 1.2 Revotron XT,Kochi,2017,15386,Petrol,Manual,First,23.84,1199.0,84.0,5,556000,511000
Audi A4 35 TDI Premium Plus,Coimbatore,2013,58629,Diesel,Automatic,Second,18.25,1968.0,187.74,5,5314000,1652000
Tata Bolt Revotron XT,Chennai,2016,10000,Petrol,Manual,First,17.57,1193.0,88.7,5,777000,400000
Volkswagen Vento 1.6 Highline,Mumbai,2011,38000,Petrol,Manual,First,16.09,1598.0,103.5,5,1191000,325000
Maruti Vitara Brezza VDi,Pune,2016,37208,Diesel,Manual,First,24.3,1248.0,88.5,5,993000,743000
Honda Brio 1.2 VX MT,Delhi,2013,33746,Petrol,Manual,First,18.5,1198.0,86.8,5,663000,320000
Maruti Swift VDI,Delhi,2014,27365,Diesel,Manual,First,28.4,1248.0,74.0,5,788000,475000
